fpl_code,player_uid,display_name,club_short_name,national_team,reached_round,elimination_date,wc_appearances,wc_minutes,return_to_training_date,fatigue_prior,notes,source,observed_at
116216,,Trossard,ARS,Belgium,qf,2026-07-10,6,510,,extreme,,Premier League squad list https://www.premierleague.com/en/news/4676821/updated-premier-league-players-appearing-at-fifa-world-cup-2026-by-nation; FIFA final standings https://www.fifa.com/en/tournaments/mens/worldcup/canadamexicousa2026/articles/final-tournament-standings; FotMob minutes https://www.fotmob.com/leagues/77/stats/season/24254/players/mins_played/world-cup; Premier League finalist notes https://www.premierleague.com/en/news/4679876/which-premier-league-players-will-win-the-2026-world-cup; targeted minute checks: https://www.givemesport.com/england-2026-world-cup-players-ranked-worst-best-football-soccer/ https://www.newsandstar.co.uk/news/26292262.dean-henderson-handed-first-world-cup-appearance-england/ https://last5games.com/players/kobbie-mainoo-37540234/ https://terrikon.com/en/football/players/33283; FPL bootstrap 20260721T171247Z; openfootball cross-check https://raw.githubusercontent.com/openfootball/worldcup.json/master/2026/worldcup.json,2026-07-21T17:21:28Z
226597,,Gabriel,ARS,Brazil,r16,2026-07-05,5,450,,extreme,join_token_subset;source_name_Gabriel_Magalhaes,Premier League squad list https://www.premierleague.com/en/news/4676821/updated-premier-league-players-appearing-at-fifa-world-cup-2026-by-nation; FIFA final standings https://www.fifa.com/en/tournaments/mens/worldcup/canadamexicousa2026/articles/final-tournament-standings; FotMob minutes https://www.fotmob.com/leagues/77/stats/season/24254/players/mins_played/world-cup; Premier League finalist notes https://www.premierleague.com/en/news/4679876/which-premier-league-players-will-win-the-2026-world-cup; targeted minute checks: https://www.givemesport.com/england-2026-world-cup-players-ranked-worst-best-football-soccer/ https://www.newsandstar.co.uk/news/26292262.dean-henderson-handed-first-world-cup-appearance-england/ https://last5games.com/players/kobbie-mainoo-37540234/ https://terrikon.com/en/football/players/33283; FPL bootstrap 20260721T171247Z; openfootball cross-check https://raw.githubusercontent.com/openfootball/worldcup.json/master/2026/worldcup.json,2026-07-21T17:21:28Z
444145,,Martinelli,ARS,Brazil,r16,2026-07-05,4,141,,moderate,join_token_subset;source_name_Gabriel_Martinelli,Premier League squad list https://www.premierleague.com/en/news/4676821/updated-premier-league-players-appearing-at-fifa-world-cup-2026-by-nation; FIFA final standings https://www.fifa.com/en/tournaments/mens/worldcup/canadamexicousa2026/articles/final-tournament-standings; FotMob minutes https://www.fotmob.com/leagues/77/stats/season/24254/players/mins_played/world-cup; Premier League finalist notes https://www.premierleague.com/en/news/4679876/which-premier-league-players-will-win-the-2026-world-cup; targeted minute checks: https://www.givemesport.com/england-2026-world-cup-players-ranked-worst-best-football-soccer/ https://www.newsandstar.co.uk/news/26292262.dean-henderson-handed-first-world-cup-appearance-england/ https://last5games.com/players/kobbie-mainoo-37540234/ https://terrikon.com/en/football/players/33283; FPL bootstrap 20260721T171247Z; openfootball cross-check https://raw.githubusercontent.com/openfootball/worldcup.json/master/2026/worldcup.json,2026-07-21T17:21:28Z
448104,,Hincapie,ARS,Ecuador,r32,2026-06-30,4,341,,moderate,,Premier League squad list https://www.premierleague.com/en/news/4676821/updated-premier-league-players-appearing-at-fifa-world-cup-2026-by-nation; FIFA final standings https://www.fifa.com/en/tournaments/mens/worldcup/canadamexicousa2026/articles/final-tournament-standings; FotMob minutes https://www.fotmob.com/leagues/77/stats/season/24254/players/mins_played/world-cup; Premier League finalist notes https://www.premierleague.com/en/news/4679876/which-premier-league-players-will-win-the-2026-world-cup; targeted minute checks: https://www.givemesport.com/england-2026-world-cup-players-ranked-worst-best-football-soccer/ https://www.newsandstar.co.uk/news/26292262.dean-henderson-handed-first-world-cup-appearance-england/ https://last5games.com/players/kobbie-mainoo-37540234/ https://terrikon.com/en/football/players/33283; FPL bootstrap 20260721T171247Z; openfootball cross-check https://raw.githubusercontent.com/openfootball/worldcup.json/master/2026/worldcup.json,2026-07-21T17:21:28Z
232413,,Eze,ARS,England,third,2026-07-18,4,130,,high,,Premier League squad list https://www.premierleague.com/en/news/4676821/updated-premier-league-players-appearing-at-fifa-world-cup-2026-by-nation; FIFA final standings https://www.fifa.com/en/tournaments/mens/worldcup/canadamexicousa2026/articles/final-tournament-standings; FotMob minutes https://www.fotmob.com/leagues/77/stats/season/24254/players/mins_played/world-cup; Premier League finalist notes https://www.premierleague.com/en/news/4679876/which-premier-league-players-will-win-the-2026-world-cup; targeted minute checks: https://www.givemesport.com/england-2026-world-cup-players-ranked-worst-best-football-soccer/ https://www.newsandstar.co.uk/news/26292262.dean-henderson-handed-first-world-cup-appearance-england/ https://last5games.com/players/kobbie-mainoo-37540234/ https://terrikon.com/en/football/players/33283; FPL bootstrap 20260721T171247Z; openfootball cross-check https://raw.githubusercontent.com/openfootball/worldcup.json/master/2026/worldcup.json,2026-07-21T17:21:28Z
248857,,Madueke,ARS,England,third,2026-07-18,5,288,,high,,Premier League squad list https://www.premierleague.com/en/news/4676821/updated-premier-league-players-appearing-at-fifa-world-cup-2026-by-nation; FIFA final standings https://www.fifa.com/en/tournaments/mens/worldcup/canadamexicousa2026/articles/final-tournament-standings; FotMob minutes https://www.fotmob.com/leagues/77/stats/season/24254/players/mins_played/world-cup; Premier League finalist notes https://www.premierleague.com/en/news/4679876/which-premier-league-players-will-win-the-2026-world-cup; targeted minute checks: https://www.givemesport.com/england-2026-world-cup-players-ranked-worst-best-football-soccer/ https://www.newsandstar.co.uk/news/26292262.dean-henderson-handed-first-world-cup-appearance-england/ https://last5games.com/players/kobbie-mainoo-37540234/ https://terrikon.com/en/football/players/33283; FPL bootstrap 20260721T171247Z; openfootball cross-check https://raw.githubusercontent.com/openfootball/worldcup.json/master/2026/worldcup.json,2026-07-21T17:21:28Z
204480,,Rice,ARS,England,third,2026-07-18,5,386,,high,,Premier League squad list https://www.premierleague.com/en/news/4676821/updated-premier-league-players-appearing-at-fifa-world-cup-2026-by-nation; FIFA final standings https://www.fifa.com/en/tournaments/mens/worldcup/canadamexicousa2026/articles/final-tournament-standings; FotMob minutes https://www.fotmob.com/leagues/77/stats/season/24254/players/mins_played/world-cup; Premier League finalist notes https://www.premierleague.com/en/news/4679876/which-premier-league-players-will-win-the-2026-world-cup; targeted minute checks: https://www.givemesport.com/england-2026-world-cup-players-ranked-worst-best-football-soccer/ https://www.newsandstar.co.uk/news/26292262.dean-henderson-handed-first-world-cup-appearance-england/ https://last5games.com/players/kobbie-mainoo-37540234/ https://terrikon.com/en/football/players/33283; FPL bootstrap 20260721T171247Z; openfootball cross-check https://raw.githubusercontent.com/openfootball/worldcup.json/master/2026/worldcup.json,2026-07-21T17:21:28Z
223340,,Saka,ARS,England,third,2026-07-18,6,267,,high,,Premier League squad list https://www.premierleague.com/en/news/4676821/updated-premier-league-players-appearing-at-fifa-world-cup-2026-by-nation; FIFA final standings https://www.fifa.com/en/tournaments/mens/worldcup/canadamexicousa2026/articles/final-tournament-standings; FotMob minutes https://www.fotmob.com/leagues/77/stats/season/24254/players/mins_played/world-cup; Premier League finalist notes https://www.premierleague.com/en/news/4679876/which-premier-league-players-will-win-the-2026-world-cup; targeted minute checks: https://www.givemesport.com/england-2026-world-cup-players-ranked-worst-best-football-soccer/ https://www.newsandstar.co.uk/news/26292262.dean-henderson-handed-first-world-cup-appearance-england/ https://last5games.com/players/kobbie-mainoo-37540234/ https://terrikon.com/en/football/players/33283; FPL bootstrap 20260721T171247Z; openfootball cross-check https://raw.githubusercontent.com/openfootball/worldcup.json/master/2026/worldcup.json,2026-07-21T17:21:28Z
462424,,Saliba,ARS,France,third,2026-07-18,6,480,,extreme,,Premier League squad list https://www.premierleague.com/en/news/4676821/updated-premier-league-players-appearing-at-fifa-world-cup-2026-by-nation; FIFA final standings https://www.fifa.com/en/tournaments/mens/worldcup/canadamexicousa2026/articles/final-tournament-standings; FotMob minutes https://www.fotmob.com/leagues/77/stats/season/24254/players/mins_played/world-cup; Premier League finalist notes https://www.premierleague.com/en/news/4679876/which-premier-league-players-will-win-the-2026-world-cup; targeted minute checks: https://www.givemesport.com/england-2026-world-cup-players-ranked-worst-best-football-soccer/ https://www.newsandstar.co.uk/news/26292262.dean-henderson-handed-first-world-cup-appearance-england/ https://last5games.com/players/kobbie-mainoo-37540234/ https://terrikon.com/en/football/players/33283; FPL bootstrap 20260721T171247Z; openfootball cross-check https://raw.githubusercontent.com/openfootball/worldcup.json/master/2026/worldcup.json,2026-07-21T17:21:28Z
219847,,Havertz,ARS,Germany,r32,2026-06-29,4,355,,moderate,,Premier League squad list https://www.premierleague.com/en/news/4676821/updated-premier-league-players-appearing-at-fifa-world-cup-2026-by-nation; FIFA final standings https://www.fifa.com/en/tournaments/mens/worldcup/canadamexicousa2026/articles/final-tournament-standings; FotMob minutes https://www.fotmob.com/leagues/77/stats/season/24254/players/mins_played/world-cup; Premier League finalist notes https://www.premierleague.com/en/news/4679876/which-premier-league-players-will-win-the-2026-world-cup; targeted minute checks: https://www.givemesport.com/england-2026-world-cup-players-ranked-worst-best-football-soccer/ https://www.newsandstar.co.uk/news/26292262.dean-henderson-handed-first-world-cup-appearance-england/ https://last5games.com/players/kobbie-mainoo-37540234/ https://terrikon.com/en/football/players/33283; FPL bootstrap 20260721T171247Z; openfootball cross-check https://raw.githubusercontent.com/openfootball/worldcup.json/master/2026/worldcup.json,2026-07-21T17:21:28Z
184029,,Ødegaard,ARS,Norway,qf,2026-07-11,5,471,,extreme,,Premier League squad list https://www.premierleague.com/en/news/4676821/updated-premier-league-players-appearing-at-fifa-world-cup-2026-by-nation; FIFA final standings https://www.fifa.com/en/tournaments/mens/worldcup/canadamexicousa2026/articles/final-tournament-standings; FotMob minutes https://www.fotmob.com/leagues/77/stats/season/24254/players/mins_played/world-cup; Premier League finalist notes https://www.premierleague.com/en/news/4679876/which-premier-league-players-will-win-the-2026-world-cup; targeted minute checks: https://www.givemesport.com/england-2026-world-cup-players-ranked-worst-best-football-soccer/ https://www.newsandstar.co.uk/news/26292262.dean-henderson-handed-first-world-cup-appearance-england/ https://last5games.com/players/kobbie-mainoo-37540234/ https://terrikon.com/en/football/players/33283; FPL bootstrap 20260721T171247Z; openfootball cross-check https://raw.githubusercontent.com/openfootball/worldcup.json/master/2026/worldcup.json,2026-07-21T17:21:28Z
195384,,Merino,ARS,Spain,champions,2026-07-19,7,148,,extreme,join_token_subset;source_name_Mikel_Merino,Premier League squad list https://www.premierleague.com/en/news/4676821/updated-premier-league-players-appearing-at-fifa-world-cup-2026-by-nation; FIFA final standings https://www.fifa.com/en/tournaments/mens/worldcup/canadamexicousa2026/articles/final-tournament-standings; FotMob minutes https://www.fotmob.com/leagues/77/stats/season/24254/players/mins_played/world-cup; Premier League finalist notes https://www.premierleague.com/en/news/4679876/which-premier-league-players-will-win-the-2026-world-cup; targeted minute checks: https://www.givemesport.com/england-2026-world-cup-players-ranked-worst-best-football-soccer/ https://www.newsandstar.co.uk/news/26292262.dean-henderson-handed-first-world-cup-appearance-england/ https://last5games.com/players/kobbie-mainoo-37540234/ https://terrikon.com/en/football/players/33283; FPL bootstrap 20260721T171247Z; openfootball cross-check https://raw.githubusercontent.com/openfootball/worldcup.json/master/2026/worldcup.json,2026-07-21T17:21:28Z
154561,,Raya,ARS,Spain,champions,2026-07-19,0,0,,none,join_token_subset;unused_cited_pl_finalist_article;source_name_David_Raya,Premier League squad list https://www.premierleague.com/en/news/4676821/updated-premier-league-players-appearing-at-fifa-world-cup-2026-by-nation; FIFA final standings https://www.fifa.com/en/tournaments/mens/worldcup/canadamexicousa2026/articles/final-tournament-standings; FotMob minutes https://www.fotmob.com/leagues/77/stats/season/24254/players/mins_played/world-cup; Premier League finalist notes https://www.premierleague.com/en/news/4679876/which-premier-league-players-will-win-the-2026-world-cup; targeted minute checks: https://www.givemesport.com/england-2026-world-cup-players-ranked-worst-best-football-soccer/ https://www.newsandstar.co.uk/news/26292262.dean-henderson-handed-first-world-cup-appearance-england/ https://last5games.com/players/kobbie-mainoo-37540234/ https://terrikon.com/en/football/players/33283; FPL bootstrap 20260721T171247Z; openfootball cross-check https://raw.githubusercontent.com/openfootball/worldcup.json/master/2026/worldcup.json,2026-07-21T17:21:28Z
481655,,Zubimendi,ARS,Spain,champions,2026-07-19,1,,,extreme,join_token_subset;minutes_unconfirmed_final_extra_time_substitution_cited;source_name_Martin_Zubimendi,Premier League squad list https://www.premierleague.com/en/news/4676821/updated-premier-league-players-appearing-at-fifa-world-cup-2026-by-nation; FIFA final standings https://www.fifa.com/en/tournaments/mens/worldcup/canadamexicousa2026/articles/final-tournament-standings; FotMob minutes https://www.fotmob.com/leagues/77/stats/season/24254/players/mins_played/world-cup; Premier League finalist notes https://www.premierleague.com/en/news/4679876/which-premier-league-players-will-win-the-2026-world-cup; targeted minute checks: https://www.givemesport.com/england-2026-world-cup-players-ranked-worst-best-football-soccer/ https://www.newsandstar.co.uk/news/26292262.dean-henderson-handed-first-world-cup-appearance-england/ https://last5games.com/players/kobbie-mainoo-37540234/ https://terrikon.com/en/football/players/33283; FPL bootstrap 20260721T171247Z; openfootball cross-check https://raw.githubusercontent.com/openfootball/worldcup.json/master/2026/worldcup.json,2026-07-21T17:21:28Z
224117,,Gyökeres,ARS,Sweden,r32,2026-06-30,4,360,,moderate,,Premier League squad list https://www.premierleague.com/en/news/4676821/updated-premier-league-players-appearing-at-fifa-world-cup-2026-by-nation; FIFA final standings https://www.fifa.com/en/tournaments/mens/worldcup/canadamexicousa2026/articles/final-tournament-standings; FotMob minutes https://www.fotmob.com/leagues/77/stats/season/24254/players/mins_played/world-cup; Premier League finalist notes https://www.premierleague.com/en/news/4679876/which-premier-league-players-will-win-the-2026-world-cup; targeted minute checks: https://www.givemesport.com/england-2026-world-cup-players-ranked-worst-best-football-soccer/ https://www.newsandstar.co.uk/news/26292262.dean-henderson-handed-first-world-cup-appearance-england/ https://last5games.com/players/kobbie-mainoo-37540234/ https://terrikon.com/en/football/players/33283; FPL bootstrap 20260721T171247Z; openfootball cross-check https://raw.githubusercontent.com/openfootball/worldcup.json/master/2026/worldcup.json,2026-07-21T17:21:28Z
98980,,Martinez,AVL,Argentina,final,2026-07-19,6,600,,extreme,join_token_subset;source_name_Emiliano_Martinez,Premier League squad list https://www.premierleague.com/en/news/4676821/updated-premier-league-players-appearing-at-fifa-world-cup-2026-by-nation; FIFA final standings https://www.fifa.com/en/tournaments/mens/worldcup/canadamexicousa2026/articles/final-tournament-standings; FotMob minutes https://www.fotmob.com/leagues/77/stats/season/24254/players/mins_played/world-cup; Premier League finalist notes https://www.premierleague.com/en/news/4679876/which-premier-league-players-will-win-the-2026-world-cup; targeted minute checks: https://www.givemesport.com/england-2026-world-cup-players-ranked-worst-best-football-soccer/ https://www.newsandstar.co.uk/news/26292262.dean-henderson-handed-first-world-cup-appearance-england/ https://last5games.com/players/kobbie-mainoo-37540234/ https://terrikon.com/en/football/players/33283; FPL bootstrap 20260721T171247Z; openfootball cross-check https://raw.githubusercontent.com/openfootball/worldcup.json/master/2026/worldcup.json,2026-07-21T17:21:28Z
449871,,Onana,AVL,Belgium,qf,2026-07-10,4,106,,moderate,,Premier League squad list https://www.premierleague.com/en/news/4676821/updated-premier-league-players-appearing-at-fifa-world-cup-2026-by-nation; FIFA final standings https://www.fifa.com/en/tournaments/mens/worldcup/canadamexicousa2026/articles/final-tournament-standings; FotMob minutes https://www.fotmob.com/leagues/77/stats/season/24254/players/mins_played/world-cup; Premier League finalist notes https://www.premierleague.com/en/news/4679876/which-premier-league-players-will-win-the-2026-world-cup; targeted minute checks: https://www.givemesport.com/england-2026-world-cup-players-ranked-worst-best-football-soccer/ https://www.newsandstar.co.uk/news/26292262.dean-henderson-handed-first-world-cup-appearance-england/ https://last5games.com/players/kobbie-mainoo-37540234/ https://terrikon.com/en/football/players/33283; FPL bootstrap 20260721T171247Z; openfootball cross-check https://raw.githubusercontent.com/openfootball/worldcup.json/master/2026/worldcup.json,2026-07-21T17:21:28Z
166989,,Tielemans,AVL,Belgium,qf,2026-07-10,5,475,,extreme,,Premier League squad list https://www.premierleague.com/en/news/4676821/updated-premier-league-players-appearing-at-fifa-world-cup-2026-by-nation; FIFA final standings https://www.fifa.com/en/tournaments/mens/worldcup/canadamexicousa2026/articles/final-tournament-standings; FotMob minutes https://www.fotmob.com/leagues/77/stats/season/24254/players/mins_played/world-cup; Premier League finalist notes https://www.premierleague.com/en/news/4679876/which-premier-league-players-will-win-the-2026-world-cup; targeted minute checks: https://www.givemesport.com/england-2026-world-cup-players-ranked-worst-best-football-soccer/ https://www.newsandstar.co.uk/news/26292262.dean-henderson-handed-first-world-cup-appearance-england/ https://last5games.com/players/kobbie-mainoo-37540234/ https://terrikon.com/en/football/players/33283; FPL bootstrap 20260721T171247Z; openfootball cross-check https://raw.githubusercontent.com/openfootball/worldcup.json/master/2026/worldcup.json,2026-07-21T17:21:28Z
199798,,Konsa,AVL,England,third,2026-07-18,6,539,,extreme,join_token_subset;source_name_Ezri_Konsa,Premier League squad list https://www.premierleague.com/en/news/4676821/updated-premier-league-players-appearing-at-fifa-world-cup-2026-by-nation; FIFA final standings https://www.fifa.com/en/tournaments/mens/worldcup/canadamexicousa2026/articles/final-tournament-standings; FotMob minutes https://www.fotmob.com/leagues/77/stats/season/24254/players/mins_played/world-cup; Premier League finalist notes https://www.premierleague.com/en/news/4679876/which-premier-league-players-will-win-the-2026-world-cup; targeted minute checks: https://www.givemesport.com/england-2026-world-cup-players-ranked-worst-best-football-soccer/ https://www.newsandstar.co.uk/news/26292262.dean-henderson-handed-first-world-cup-appearance-england/ https://last5games.com/players/kobbie-mainoo-37540234/ https://terrikon.com/en/football/players/33283; FPL bootstrap 20260721T171247Z; openfootball cross-check https://raw.githubusercontent.com/openfootball/worldcup.json/master/2026/worldcup.json,2026-07-21T17:21:28Z
244850,,Rogers,AVL,England,third,2026-07-18,5,157,,high,,Premier League squad list https://www.premierleague.com/en/news/4676821/updated-premier-league-players-appearing-at-fifa-world-cup-2026-by-nation; FIFA final standings https://www.fifa.com/en/tournaments/mens/worldcup/canadamexicousa2026/articles/final-tournament-standings; FotMob minutes https://www.fotmob.com/leagues/77/stats/season/24254/players/mins_played/world-cup; Premier League finalist notes https://www.premierleague.com/en/news/4679876/which-premier-league-players-will-win-the-2026-world-cup; targeted minute checks: https://www.givemesport.com/england-2026-world-cup-players-ranked-worst-best-football-soccer/ https://www.newsandstar.co.uk/news/26292262.dean-henderson-handed-first-world-cup-appearance-england/ https://last5games.com/players/kobbie-mainoo-37540234/ https://terrikon.com/en/football/players/33283; FPL bootstrap 20260721T171247Z; openfootball cross-check https://raw.githubusercontent.com/openfootball/worldcup.json/master/2026/worldcup.json,2026-07-21T17:21:28Z
178301,,Watkins,AVL,England,third,2026-07-18,1,6,,high,,Premier League squad list https://www.premierleague.com/en/news/4676821/updated-premier-league-players-appearing-at-fifa-world-cup-2026-by-nation; FIFA final standings https://www.fifa.com/en/tournaments/mens/worldcup/canadamexicousa2026/articles/final-tournament-standings; FotMob minutes https://www.fotmob.com/leagues/77/stats/season/24254/players/mins_played/world-cup; Premier League finalist notes https://www.premierleague.com/en/news/4679876/which-premier-league-players-will-win-the-2026-world-cup; targeted minute checks: https://www.givemesport.com/england-2026-world-cup-players-ranked-worst-best-football-soccer/ https://www.newsandstar.co.uk/news/26292262.dean-henderson-handed-first-world-cup-appearance-england/ https://last5games.com/players/kobbie-mainoo-37540234/ https://terrikon.com/en/football/players/33283; FPL bootstrap 20260721T171247Z; openfootball cross-check https://raw.githubusercontent.com/openfootball/worldcup.json/master/2026/worldcup.json,2026-07-21T17:21:28Z
101188,,Digne,AVL,France,third,2026-07-18,5,420,,high,,Premier League squad list https://www.premierleague.com/en/news/4676821/updated-premier-league-players-appearing-at-fifa-world-cup-2026-by-nation; FIFA final standings https://www.fifa.com/en/tournaments/mens/worldcup/canadamexicousa2026/articles/final-tournament-standings; FotMob minutes https://www.fotmob.com/leagues/77/stats/season/24254/players/mins_played/world-cup; Premier League finalist notes https://www.premierleague.com/en/news/4679876/which-premier-league-players-will-win-the-2026-world-cup; targeted minute checks: https://www.givemesport.com/england-2026-world-cup-players-ranked-worst-best-football-soccer/ https://www.newsandstar.co.uk/news/26292262.dean-henderson-handed-first-world-cup-appearance-england/ https://last5games.com/players/kobbie-mainoo-37540234/ https://terrikon.com/en/football/players/33283; FPL bootstrap 20260721T171247Z; openfootball cross-check https://raw.githubusercontent.com/openfootball/worldcup.json/master/2026/worldcup.json,2026-07-21T17:21:28Z
122806,,McGinn,AVL,Scotland,group,2026-06-24,3,261,,moderate,,Premier League squad list https://www.premierleague.com/en/news/4676821/updated-premier-league-players-appearing-at-fifa-world-cup-2026-by-nation; FIFA final standings https://www.fifa.com/en/tournaments/mens/worldcup/canadamexicousa2026/articles/final-tournament-standings; FotMob minutes https://www.fotmob.com/leagues/77/stats/season/24254/players/mins_played/world-cup; Premier League finalist notes https://www.premierleague.com/en/news/4679876/which-premier-league-players-will-win-the-2026-world-cup; targeted minute checks: https://www.givemesport.com/england-2026-world-cup-players-ranked-worst-best-football-soccer/ https://www.newsandstar.co.uk/news/26292262.dean-henderson-handed-first-world-cup-appearance-england/ https://last5games.com/players/kobbie-mainoo-37540234/ https://terrikon.com/en/football/players/33283; FPL bootstrap 20260721T171247Z; openfootball cross-check https://raw.githubusercontent.com/openfootball/worldcup.json/master/2026/worldcup.json,2026-07-21T17:21:28Z
184667,,Lindelöf,AVL,Sweden,r32,2026-06-30,4,357,,moderate,,Premier League squad list https://www.premierleague.com/en/news/4676821/updated-premier-league-players-appearing-at-fifa-world-cup-2026-by-nation; FIFA final standings https://www.fifa.com/en/tournaments/mens/worldcup/canadamexicousa2026/articles/final-tournament-standings; FotMob minutes https://www.fotmob.com/leagues/77/stats/season/24254/players/mins_played/world-cup; Premier League finalist notes https://www.premierleague.com/en/news/4679876/which-premier-league-players-will-win-the-2026-world-cup; targeted minute checks: https://www.givemesport.com/england-2026-world-cup-players-ranked-worst-best-football-soccer/ https://www.newsandstar.co.uk/news/26292262.dean-henderson-handed-first-world-cup-appearance-england/ https://last5games.com/players/kobbie-mainoo-37540234/ https://terrikon.com/en/football/players/33283; FPL bootstrap 20260721T171247Z; openfootball cross-check https://raw.githubusercontent.com/openfootball/worldcup.json/master/2026/worldcup.json,2026-07-21T17:21:28Z
465730,,De Cuyper,BHA,Belgium,qf,2026-07-10,6,443,,moderate,,Premier League squad list https://www.premierleague.com/en/news/4676821/updated-premier-league-players-appearing-at-fifa-world-cup-2026-by-nation; FIFA final standings https://www.fifa.com/en/tournaments/mens/worldcup/canadamexicousa2026/articles/final-tournament-standings; FotMob minutes https://www.fotmob.com/leagues/77/stats/season/24254/players/mins_played/world-cup; Premier League finalist notes https://www.premierleague.com/en/news/4679876/which-premier-league-players-will-win-the-2026-world-cup; targeted minute checks: https://www.givemesport.com/england-2026-world-cup-players-ranked-worst-best-football-soccer/ https://www.newsandstar.co.uk/news/26292262.dean-henderson-handed-first-world-cup-appearance-england/ https://last5games.com/players/kobbie-mainoo-37540234/ https://terrikon.com/en/football/players/33283; FPL bootstrap 20260721T171247Z; openfootball cross-check https://raw.githubusercontent.com/openfootball/worldcup.json/master/2026/worldcup.json,2026-07-21T17:21:28Z
60307,,Groß,BHA,Germany,r32,2026-06-29,1,17,,none,join_fuzzy_0.91;source_name_Pascal_Gross,Premier League squad list https://www.premierleague.com/en/news/4676821/updated-premier-league-players-appearing-at-fifa-world-cup-2026-by-nation; FIFA final standings https://www.fifa.com/en/tournaments/mens/worldcup/canadamexicousa2026/articles/final-tournament-standings; FotMob minutes https://www.fotmob.com/leagues/77/stats/season/24254/players/mins_played/world-cup; Premier League finalist notes https://www.premierleague.com/en/news/4679876/which-premier-league-players-will-win-the-2026-world-cup; targeted minute checks: https://www.givemesport.com/england-2026-world-cup-players-ranked-worst-best-football-soccer/ https://www.newsandstar.co.uk/news/26292262.dean-henderson-handed-first-world-cup-appearance-england/ https://last5games.com/players/kobbie-mainoo-37540234/ https://terrikon.com/en/football/players/33283; FPL bootstrap 20260721T171247Z; openfootball cross-check https://raw.githubusercontent.com/openfootball/worldcup.json/master/2026/worldcup.json,2026-07-21T17:21:28Z
469142,,Van Hecke,BHA,Netherlands,r32,2026-06-29,4,390,,moderate,,Premier League squad list https://www.premierleague.com/en/news/4676821/updated-premier-league-players-appearing-at-fifa-world-cup-2026-by-nation; FIFA final standings https://www.fifa.com/en/tournaments/mens/worldcup/canadamexicousa2026/articles/final-tournament-standings; FotMob minutes https://www.fotmob.com/leagues/77/stats/season/24254/players/mins_played/world-cup; Premier League finalist notes https://www.premierleague.com/en/news/4679876/which-premier-league-players-will-win-the-2026-world-cup; targeted minute checks: https://www.givemesport.com/england-2026-world-cup-players-ranked-worst-best-football-soccer/ https://www.newsandstar.co.uk/news/26292262.dean-henderson-handed-first-world-cup-appearance-england/ https://last5games.com/players/kobbie-mainoo-37540234/ https://terrikon.com/en/football/players/33283; FPL bootstrap 20260721T171247Z; openfootball cross-check https://raw.githubusercontent.com/openfootball/worldcup.json/master/2026/worldcup.json,2026-07-21T17:21:28Z
489639,,Verbruggen,BHA,Netherlands,r32,2026-06-29,4,390,,moderate,join_global_exact;source_club_Spurs,Premier League squad list https://www.premierleague.com/en/news/4676821/updated-premier-league-players-appearing-at-fifa-world-cup-2026-by-nation; FIFA final standings https://www.fifa.com/en/tournaments/mens/worldcup/canadamexicousa2026/articles/final-tournament-standings; FotMob minutes https://www.fotmob.com/leagues/77/stats/season/24254/players/mins_played/world-cup; Premier League finalist notes https://www.premierleague.com/en/news/4679876/which-premier-league-players-will-win-the-2026-world-cup; targeted minute checks: https://www.givemesport.com/england-2026-world-cup-players-ranked-worst-best-football-soccer/ https://www.newsandstar.co.uk/news/26292262.dean-henderson-handed-first-world-cup-appearance-england/ https://last5games.com/players/kobbie-mainoo-37540234/ https://terrikon.com/en/football/players/33283; FPL bootstrap 20260721T171247Z; openfootball cross-check https://raw.githubusercontent.com/openfootball/worldcup.json/master/2026/worldcup.json,2026-07-21T17:21:28Z
467779,,Wieffer,BHA,Netherlands,r32,2026-06-29,,,,moderate,minutes_unconfirmed,Premier League squad list https://www.premierleague.com/en/news/4676821/updated-premier-league-players-appearing-at-fifa-world-cup-2026-by-nation; FIFA final standings https://www.fifa.com/en/tournaments/mens/worldcup/canadamexicousa2026/articles/final-tournament-standings; FotMob minutes https://www.fotmob.com/leagues/77/stats/season/24254/players/mins_played/world-cup; Premier League finalist notes https://www.premierleague.com/en/news/4679876/which-premier-league-players-will-win-the-2026-world-cup; targeted minute checks: https://www.givemesport.com/england-2026-world-cup-players-ranked-worst-best-football-soccer/ https://www.newsandstar.co.uk/news/26292262.dean-henderson-handed-first-world-cup-appearance-england/ https://last5games.com/players/kobbie-mainoo-37540234/ https://terrikon.com/en/football/players/33283; FPL bootstrap 20260721T171247Z; openfootball cross-check https://raw.githubusercontent.com/openfootball/worldcup.json/master/2026/worldcup.json,2026-07-21T17:21:28Z
514254,,Gomez,BHA,Paraguay,r16,2026-07-04,4,307,,moderate,join_token_subset;source_name_Diego_Gomez,Premier League squad list https://www.premierleague.com/en/news/4676821/updated-premier-league-players-appearing-at-fifa-world-cup-2026-by-nation; FIFA final standings https://www.fifa.com/en/tournaments/mens/worldcup/canadamexicousa2026/articles/final-tournament-standings; FotMob minutes https://www.fotmob.com/leagues/77/stats/season/24254/players/mins_played/world-cup; Premier League finalist notes https://www.premierleague.com/en/news/4679876/which-premier-league-players-will-win-the-2026-world-cup; targeted minute checks: https://www.givemesport.com/england-2026-world-cup-players-ranked-worst-best-football-soccer/ https://www.newsandstar.co.uk/news/26292262.dean-henderson-handed-first-world-cup-appearance-england/ https://last5games.com/players/kobbie-mainoo-37540234/ https://terrikon.com/en/football/players/33283; FPL bootstrap 20260721T171247Z; openfootball cross-check https://raw.githubusercontent.com/openfootball/worldcup.json/master/2026/worldcup.json,2026-07-21T17:21:28Z
509416,,Ayari,BHA,Sweden,r32,2026-06-30,4,341,,moderate,,Premier League squad list https://www.premierleague.com/en/news/4676821/updated-premier-league-players-appearing-at-fifa-world-cup-2026-by-nation; FIFA final standings https://www.fifa.com/en/tournaments/mens/worldcup/canadamexicousa2026/articles/final-tournament-standings; FotMob minutes https://www.fotmob.com/leagues/77/stats/season/24254/players/mins_played/world-cup; Premier League finalist notes https://www.premierleague.com/en/news/4679876/which-premier-league-players-will-win-the-2026-world-cup; targeted minute checks: https://www.givemesport.com/england-2026-world-cup-players-ranked-worst-best-football-soccer/ https://www.newsandstar.co.uk/news/26292262.dean-henderson-handed-first-world-cup-appearance-england/ https://last5games.com/players/kobbie-mainoo-37540234/ https://terrikon.com/en/football/players/33283; FPL bootstrap 20260721T171247Z; openfootball cross-check https://raw.githubusercontent.com/openfootball/worldcup.json/master/2026/worldcup.json,2026-07-21T17:21:28Z
231416,,F.Kadıoğlu,BHA,Turkey,group,2026-06-25,2,160,,moderate,,Premier League squad list https://www.premierleague.com/en/news/4676821/updated-premier-league-players-appearing-at-fifa-world-cup-2026-by-nation; FIFA final standings https://www.fifa.com/en/tournaments/mens/worldcup/canadamexicousa2026/articles/final-tournament-standings; FotMob minutes https://www.fotmob.com/leagues/77/stats/season/24254/players/mins_played/world-cup; Premier League finalist notes https://www.premierleague.com/en/news/4679876/which-premier-league-players-will-win-the-2026-world-cup; targeted minute checks: https://www.givemesport.com/england-2026-world-cup-players-ranked-worst-best-football-soccer/ https://www.newsandstar.co.uk/news/26292262.dean-henderson-handed-first-world-cup-appearance-england/ https://last5games.com/players/kobbie-mainoo-37540234/ https://terrikon.com/en/football/players/33283; FPL bootstrap 20260721T171247Z; openfootball cross-check https://raw.githubusercontent.com/openfootball/worldcup.json/master/2026/worldcup.json,2026-07-21T17:21:28Z
221466,,Senesi,BOU,Argentina,final,2026-07-19,1,90,,extreme,join_token_subset;source_name_Marcos_Senesi,Premier League squad list https://www.premierleague.com/en/news/4676821/updated-premier-league-players-appearing-at-fifa-world-cup-2026-by-nation; FIFA final standings https://www.fifa.com/en/tournaments/mens/worldcup/canadamexicousa2026/articles/final-tournament-standings; FotMob minutes https://www.fotmob.com/leagues/77/stats/season/24254/players/mins_played/world-cup; Premier League finalist notes https://www.premierleague.com/en/news/4679876/which-premier-league-players-will-win-the-2026-world-cup; targeted minute checks: https://www.givemesport.com/england-2026-world-cup-players-ranked-worst-best-football-soccer/ https://www.newsandstar.co.uk/news/26292262.dean-henderson-handed-first-world-cup-appearance-england/ https://last5games.com/players/kobbie-mainoo-37540234/ https://terrikon.com/en/football/players/33283; FPL bootstrap 20260721T171247Z; openfootball cross-check https://raw.githubusercontent.com/openfootball/worldcup.json/master/2026/worldcup.json,2026-07-21T17:21:28Z
499604,,Rayan,BOU,Brazil,r16,2026-07-05,4,289,,moderate,,Premier League squad list https://www.premierleague.com/en/news/4676821/updated-premier-league-players-appearing-at-fifa-world-cup-2026-by-nation; FIFA final standings https://www.fifa.com/en/tournaments/mens/worldcup/canadamexicousa2026/articles/final-tournament-standings; FotMob minutes https://www.fotmob.com/leagues/77/stats/season/24254/players/mins_played/world-cup; Premier League finalist notes https://www.premierleague.com/en/news/4679876/which-premier-league-players-will-win-the-2026-world-cup; targeted minute checks: https://www.givemesport.com/england-2026-world-cup-players-ranked-worst-best-football-soccer/ https://www.newsandstar.co.uk/news/26292262.dean-henderson-handed-first-world-cup-appearance-england/ https://last5games.com/players/kobbie-mainoo-37540234/ https://terrikon.com/en/football/players/33283; FPL bootstrap 20260721T171247Z; openfootball cross-check https://raw.githubusercontent.com/openfootball/worldcup.json/master/2026/worldcup.json,2026-07-21T17:21:28Z
222683,,Kluivert,BOU,Netherlands,r32,2026-06-29,2,25,,none,,Premier League squad list https://www.premierleague.com/en/news/4676821/updated-premier-league-players-appearing-at-fifa-world-cup-2026-by-nation; FIFA final standings https://www.fifa.com/en/tournaments/mens/worldcup/canadamexicousa2026/articles/final-tournament-standings; FotMob minutes https://www.fotmob.com/leagues/77/stats/season/24254/players/mins_played/world-cup; Premier League finalist notes https://www.premierleague.com/en/news/4679876/which-premier-league-players-will-win-the-2026-world-cup; targeted minute checks: https://www.givemesport.com/england-2026-world-cup-players-ranked-worst-best-football-soccer/ https://www.newsandstar.co.uk/news/26292262.dean-henderson-handed-first-world-cup-appearance-england/ https://last5games.com/players/kobbie-mainoo-37540234/ https://terrikon.com/en/football/players/33283; FPL bootstrap 20260721T171247Z; openfootball cross-check https://raw.githubusercontent.com/openfootball/worldcup.json/master/2026/worldcup.json,2026-07-21T17:21:28Z
495145,,Paulsen,BOU,New Zealand,group,2026-06-26,,,,moderate,minutes_unconfirmed,Premier League squad list https://www.premierleague.com/en/news/4676821/updated-premier-league-players-appearing-at-fifa-world-cup-2026-by-nation; FIFA final standings https://www.fifa.com/en/tournaments/mens/worldcup/canadamexicousa2026/articles/final-tournament-standings; FotMob minutes https://www.fotmob.com/leagues/77/stats/season/24254/players/mins_played/world-cup; Premier League finalist notes https://www.premierleague.com/en/news/4679876/which-premier-league-players-will-win-the-2026-world-cup; targeted minute checks: https://www.givemesport.com/england-2026-world-cup-players-ranked-worst-best-football-soccer/ https://www.newsandstar.co.uk/news/26292262.dean-henderson-handed-first-world-cup-appearance-england/ https://last5games.com/players/kobbie-mainoo-37540234/ https://terrikon.com/en/football/players/33283; FPL bootstrap 20260721T171247Z; openfootball cross-check https://raw.githubusercontent.com/openfootball/worldcup.json/master/2026/worldcup.json,2026-07-21T17:21:28Z
158499,,Christie,BOU,Scotland,group,2026-06-24,3,94,,moderate,,Premier League squad list https://www.premierleague.com/en/news/4676821/updated-premier-league-players-appearing-at-fifa-world-cup-2026-by-nation; FIFA final standings https://www.fifa.com/en/tournaments/mens/worldcup/canadamexicousa2026/articles/final-tournament-standings; FotMob minutes https://www.fotmob.com/leagues/77/stats/season/24254/players/mins_played/world-cup; Premier League finalist notes https://www.premierleague.com/en/news/4679876/which-premier-league-players-will-win-the-2026-world-cup; targeted minute checks: https://www.givemesport.com/england-2026-world-cup-players-ranked-worst-best-football-soccer/ https://www.newsandstar.co.uk/news/26292262.dean-henderson-handed-first-world-cup-appearance-england/ https://last5games.com/players/kobbie-mainoo-37540234/ https://terrikon.com/en/football/players/33283; FPL bootstrap 20260721T171247Z; openfootball cross-check https://raw.githubusercontent.com/openfootball/worldcup.json/master/2026/worldcup.json,2026-07-21T17:21:28Z
496208,,Gannon-Doak,BOU,Scotland,group,2026-06-24,3,187,,moderate,,Premier League squad list https://www.premierleague.com/en/news/4676821/updated-premier-league-players-appearing-at-fifa-world-cup-2026-by-nation; FIFA final standings https://www.fifa.com/en/tournaments/mens/worldcup/canadamexicousa2026/articles/final-tournament-standings; FotMob minutes https://www.fotmob.com/leagues/77/stats/season/24254/players/mins_played/world-cup; Premier League finalist notes https://www.premierleague.com/en/news/4679876/which-premier-league-players-will-win-the-2026-world-cup; targeted minute checks: https://www.givemesport.com/england-2026-world-cup-players-ranked-worst-best-football-soccer/ https://www.newsandstar.co.uk/news/26292262.dean-henderson-handed-first-world-cup-appearance-england/ https://last5games.com/players/kobbie-mainoo-37540234/ https://terrikon.com/en/football/players/33283; FPL bootstrap 20260721T171247Z; openfootball cross-check https://raw.githubusercontent.com/openfootball/worldcup.json/master/2026/worldcup.json,2026-07-21T17:21:28Z
200785,,Adams,BOU,United States,r16,2026-07-06,4,342,,moderate,,Premier League squad list https://www.premierleague.com/en/news/4676821/updated-premier-league-players-appearing-at-fifa-world-cup-2026-by-nation; FIFA final standings https://www.fifa.com/en/tournaments/mens/worldcup/canadamexicousa2026/articles/final-tournament-standings; FotMob minutes https://www.fotmob.com/leagues/77/stats/season/24254/players/mins_played/world-cup; Premier League finalist notes https://www.premierleague.com/en/news/4679876/which-premier-league-players-will-win-the-2026-world-cup; targeted minute checks: https://www.givemesport.com/england-2026-world-cup-players-ranked-worst-best-football-soccer/ https://www.newsandstar.co.uk/news/26292262.dean-henderson-handed-first-world-cup-appearance-england/ https://last5games.com/players/kobbie-mainoo-37540234/ https://terrikon.com/en/football/players/33283; FPL bootstrap 20260721T171247Z; openfootball cross-check https://raw.githubusercontent.com/openfootball/worldcup.json/master/2026/worldcup.json,2026-07-21T17:21:28Z
502500,,Thiago,BRE,Brazil,r16,2026-07-05,1,62,,moderate,join_token_subset;source_name_Igor_Thiago,Premier League squad list https://www.premierleague.com/en/news/4676821/updated-premier-league-players-appearing-at-fifa-world-cup-2026-by-nation; FIFA final standings https://www.fifa.com/en/tournaments/mens/worldcup/canadamexicousa2026/articles/final-tournament-standings; FotMob minutes https://www.fotmob.com/leagues/77/stats/season/24254/players/mins_played/world-cup; Premier League finalist notes https://www.premierleague.com/en/news/4679876/which-premier-league-players-will-win-the-2026-world-cup; targeted minute checks: https://www.givemesport.com/england-2026-world-cup-players-ranked-worst-best-football-soccer/ https://www.newsandstar.co.uk/news/26292262.dean-henderson-handed-first-world-cup-appearance-england/ https://last5games.com/players/kobbie-mainoo-37540234/ https://terrikon.com/en/football/players/33283; FPL bootstrap 20260721T171247Z; openfootball cross-check https://raw.githubusercontent.com/openfootball/worldcup.json/master/2026/worldcup.json,2026-07-21T17:21:28Z
56979,,Henderson,BRE,England,third,2026-07-18,0,0,,none,unused_cited_england_minutes_article,Premier League squad list https://www.premierleague.com/en/news/4676821/updated-premier-league-players-appearing-at-fifa-world-cup-2026-by-nation; FIFA final standings https://www.fifa.com/en/tournaments/mens/worldcup/canadamexicousa2026/articles/final-tournament-standings; FotMob minutes https://www.fotmob.com/leagues/77/stats/season/24254/players/mins_played/world-cup; Premier League finalist notes https://www.premierleague.com/en/news/4679876/which-premier-league-players-will-win-the-2026-world-cup; targeted minute checks: https://www.givemesport.com/england-2026-world-cup-players-ranked-worst-best-football-soccer/ https://www.newsandstar.co.uk/news/26292262.dean-henderson-handed-first-world-cup-appearance-england/ https://last5games.com/players/kobbie-mainoo-37540234/ https://terrikon.com/en/football/players/33283; FPL bootstrap 20260721T171247Z; openfootball cross-check https://raw.githubusercontent.com/openfootball/worldcup.json/master/2026/worldcup.json,2026-07-21T17:21:28Z
191866,,Ajer,BRE,Norway,qf,2026-07-11,5,480,,extreme,,Premier League squad list https://www.premierleague.com/en/news/4676821/updated-premier-league-players-appearing-at-fifa-world-cup-2026-by-nation; FIFA final standings https://www.fifa.com/en/tournaments/mens/worldcup/canadamexicousa2026/articles/final-tournament-standings; FotMob minutes https://www.fotmob.com/leagues/77/stats/season/24254/players/mins_played/world-cup; Premier League finalist notes https://www.premierleague.com/en/news/4679876/which-premier-league-players-will-win-the-2026-world-cup; targeted minute checks: https://www.givemesport.com/england-2026-world-cup-players-ranked-worst-best-football-soccer/ https://www.newsandstar.co.uk/news/26292262.dean-henderson-handed-first-world-cup-appearance-england/ https://last5games.com/players/kobbie-mainoo-37540234/ https://terrikon.com/en/football/players/33283; FPL bootstrap 20260721T171247Z; openfootball cross-check https://raw.githubusercontent.com/openfootball/worldcup.json/master/2026/worldcup.json,2026-07-21T17:21:28Z
472713,,Hickey,BRE,Scotland,group,2026-06-24,1,75,,none,,Premier League squad list https://www.premierleague.com/en/news/4676821/updated-premier-league-players-appearing-at-fifa-world-cup-2026-by-nation; FIFA final standings https://www.fifa.com/en/tournaments/mens/worldcup/canadamexicousa2026/articles/final-tournament-standings; FotMob minutes https://www.fotmob.com/leagues/77/stats/season/24254/players/mins_played/world-cup; Premier League finalist notes https://www.premierleague.com/en/news/4679876/which-premier-league-players-will-win-the-2026-world-cup; targeted minute checks: https://www.givemesport.com/england-2026-world-cup-players-ranked-worst-best-football-soccer/ https://www.newsandstar.co.uk/news/26292262.dean-henderson-handed-first-world-cup-appearance-england/ https://last5games.com/players/kobbie-mainoo-37540234/ https://terrikon.com/en/football/players/33283; FPL bootstrap 20260721T171247Z; openfootball cross-check https://raw.githubusercontent.com/openfootball/worldcup.json/master/2026/worldcup.json,2026-07-21T17:21:28Z
180804,,Tuanzebe,BUR,DR Congo,r32,2026-07-01,4,360,,moderate,,Premier League squad list https://www.premierleague.com/en/news/4676821/updated-premier-league-players-appearing-at-fifa-world-cup-2026-by-nation; FIFA final standings https://www.fifa.com/en/tournaments/mens/worldcup/canadamexicousa2026/articles/final-tournament-standings; FotMob minutes https://www.fotmob.com/leagues/77/stats/season/24254/players/mins_played/world-cup; Premier League finalist notes https://www.premierleague.com/en/news/4679876/which-premier-league-players-will-win-the-2026-world-cup; targeted minute checks: https://www.givemesport.com/england-2026-world-cup-players-ranked-worst-best-football-soccer/ https://www.newsandstar.co.uk/news/26292262.dean-henderson-handed-first-world-cup-appearance-england/ https://last5games.com/players/kobbie-mainoo-37540234/ https://terrikon.com/en/football/players/33283; FPL bootstrap 20260721T171247Z; openfootball cross-check https://raw.githubusercontent.com/openfootball/worldcup.json/master/2026/worldcup.json,2026-07-21T17:21:28Z
435973,,Foster,BUR,South Africa,r32,2026-06-28,1,56,,none,,Premier League squad list https://www.premierleague.com/en/news/4676821/updated-premier-league-players-appearing-at-fifa-world-cup-2026-by-nation; FIFA final standings https://www.fifa.com/en/tournaments/mens/worldcup/canadamexicousa2026/articles/final-tournament-standings; FotMob minutes https://www.fotmob.com/leagues/77/stats/season/24254/players/mins_played/world-cup; Premier League finalist notes https://www.premierleague.com/en/news/4679876/which-premier-league-players-will-win-the-2026-world-cup; targeted minute checks: https://www.givemesport.com/england-2026-world-cup-players-ranked-worst-best-football-soccer/ https://www.newsandstar.co.uk/news/26292262.dean-henderson-handed-first-world-cup-appearance-england/ https://last5games.com/players/kobbie-mainoo-37540234/ https://terrikon.com/en/football/players/33283; FPL bootstrap 20260721T171247Z; openfootball cross-check https://raw.githubusercontent.com/openfootball/worldcup.json/master/2026/worldcup.json,2026-07-21T17:21:28Z
478969,,Ekdal,BUR,Sweden,r32,2026-06-30,,,,moderate,minutes_unconfirmed,Premier League squad list https://www.premierleague.com/en/news/4676821/updated-premier-league-players-appearing-at-fifa-world-cup-2026-by-nation; FIFA final standings https://www.fifa.com/en/tournaments/mens/worldcup/canadamexicousa2026/articles/final-tournament-standings; FotMob minutes https://www.fotmob.com/leagues/77/stats/season/24254/players/mins_played/world-cup; Premier League finalist notes https://www.premierleague.com/en/news/4679876/which-premier-league-players-will-win-the-2026-world-cup; targeted minute checks: https://www.givemesport.com/england-2026-world-cup-players-ranked-worst-best-football-soccer/ https://www.newsandstar.co.uk/news/26292262.dean-henderson-handed-first-world-cup-appearance-england/ https://last5games.com/players/kobbie-mainoo-37540234/ https://terrikon.com/en/football/players/33283; FPL bootstrap 20260721T171247Z; openfootball cross-check https://raw.githubusercontent.com/openfootball/worldcup.json/master/2026/worldcup.json,2026-07-21T17:21:28Z
492831,,Amdouni,BUR,Switzerland,qf,2026-07-11,4,69,,moderate,,Premier League squad list https://www.premierleague.com/en/news/4676821/updated-premier-league-players-appearing-at-fifa-world-cup-2026-by-nation; FIFA final standings https://www.fifa.com/en/tournaments/mens/worldcup/canadamexicousa2026/articles/final-tournament-standings; FotMob minutes https://www.fotmob.com/leagues/77/stats/season/24254/players/mins_played/world-cup; Premier League finalist notes https://www.premierleague.com/en/news/4679876/which-premier-league-players-will-win-the-2026-world-cup; targeted minute checks: https://www.givemesport.com/england-2026-world-cup-players-ranked-worst-best-football-soccer/ https://www.newsandstar.co.uk/news/26292262.dean-henderson-handed-first-world-cup-appearance-england/ https://last5games.com/players/kobbie-mainoo-37540234/ https://terrikon.com/en/football/players/33283; FPL bootstrap 20260721T171247Z; openfootball cross-check https://raw.githubusercontent.com/openfootball/worldcup.json/master/2026/worldcup.json,2026-07-21T17:21:28Z
465527,,Hannibal,BUR,Tunisia,group,2026-06-25,3,270,,moderate,,Premier League squad list https://www.premierleague.com/en/news/4676821/updated-premier-league-players-appearing-at-fifa-world-cup-2026-by-nation; FIFA final standings https://www.fifa.com/en/tournaments/mens/worldcup/canadamexicousa2026/articles/final-tournament-standings; FotMob minutes https://www.fotmob.com/leagues/77/stats/season/24254/players/mins_played/world-cup; Premier League finalist notes https://www.premierleague.com/en/news/4679876/which-premier-league-players-will-win-the-2026-world-cup; targeted minute checks: https://www.givemesport.com/england-2026-world-cup-players-ranked-worst-best-football-soccer/ https://www.newsandstar.co.uk/news/26292262.dean-henderson-handed-first-world-cup-appearance-england/ https://last5games.com/players/kobbie-mainoo-37540234/ https://terrikon.com/en/football/players/33283; FPL bootstrap 20260721T171247Z; openfootball cross-check https://raw.githubusercontent.com/openfootball/worldcup.json/master/2026/worldcup.json,2026-07-21T17:21:28Z
448047,,Enzo,CHE,Argentina,final,2026-07-19,5,480,,extreme,,Premier League squad list https://www.premierleague.com/en/news/4676821/updated-premier-league-players-appearing-at-fifa-world-cup-2026-by-nation; FIFA final standings https://www.fifa.com/en/tournaments/mens/worldcup/canadamexicousa2026/articles/final-tournament-standings; FotMob minutes https://www.fotmob.com/leagues/77/stats/season/24254/players/mins_played/world-cup; Premier League finalist notes https://www.premierleague.com/en/news/4679876/which-premier-league-players-will-win-the-2026-world-cup; targeted minute checks: https://www.givemesport.com/england-2026-world-cup-players-ranked-worst-best-football-soccer/ https://www.newsandstar.co.uk/news/26292262.dean-henderson-handed-first-world-cup-appearance-england/ https://last5games.com/players/kobbie-mainoo-37540234/ https://terrikon.com/en/football/players/33283; FPL bootstrap 20260721T171247Z; openfootball cross-check https://raw.githubusercontent.com/openfootball/worldcup.json/master/2026/worldcup.json,2026-07-21T17:21:28Z
549939,,Penders,CHE,Belgium,qf,2026-07-10,,,,high,minutes_unconfirmed,Premier League squad list https://www.premierleague.com/en/news/4676821/updated-premier-league-players-appearing-at-fifa-world-cup-2026-by-nation; FIFA final standings https://www.fifa.com/en/tournaments/mens/worldcup/canadamexicousa2026/articles/final-tournament-standings; FotMob minutes https://www.fotmob.com/leagues/77/stats/season/24254/players/mins_played/world-cup; Premier League finalist notes https://www.premierleague.com/en/news/4679876/which-premier-league-players-will-win-the-2026-world-cup; targeted minute checks: https://www.givemesport.com/england-2026-world-cup-players-ranked-worst-best-football-soccer/ https://www.newsandstar.co.uk/news/26292262.dean-henderson-handed-first-world-cup-appearance-england/ https://last5games.com/players/kobbie-mainoo-37540234/ https://terrikon.com/en/football/players/33283; FPL bootstrap 20260721T171247Z; openfootball cross-check https://raw.githubusercontent.com/openfootball/worldcup.json/master/2026/worldcup.json,2026-07-21T17:21:28Z
486672,,Caicedo,CHE,Ecuador,r32,2026-06-30,4,360,,moderate,join_token_subset;source_name_Moises_Caicedo,Premier League squad list https://www.premierleague.com/en/news/4676821/updated-premier-league-players-appearing-at-fifa-world-cup-2026-by-nation; FIFA final standings https://www.fifa.com/en/tournaments/mens/worldcup/canadamexicousa2026/articles/final-tournament-standings; FotMob minutes https://www.fotmob.com/leagues/77/stats/season/24254/players/mins_played/world-cup; Premier League finalist notes https://www.premierleague.com/en/news/4679876/which-premier-league-players-will-win-the-2026-world-cup; targeted minute checks: https://www.givemesport.com/england-2026-world-cup-players-ranked-worst-best-football-soccer/ https://www.newsandstar.co.uk/news/26292262.dean-henderson-handed-first-world-cup-appearance-england/ https://last5games.com/players/kobbie-mainoo-37540234/ https://terrikon.com/en/football/players/33283; FPL bootstrap 20260721T171247Z; openfootball cross-check https://raw.githubusercontent.com/openfootball/worldcup.json/master/2026/worldcup.json,2026-07-21T17:21:28Z
611134,,Paez,CHE,Ecuador,r32,2026-06-30,1,11,,none,join_token_subset;source_name_Kendry_Paez,Premier League squad list https://www.premierleague.com/en/news/4676821/updated-premier-league-players-appearing-at-fifa-world-cup-2026-by-nation; FIFA final standings https://www.fifa.com/en/tournaments/mens/worldcup/canadamexicousa2026/articles/final-tournament-standings; FotMob minutes https://www.fotmob.com/leagues/77/stats/season/24254/players/mins_played/world-cup; Premier League finalist notes https://www.premierleague.com/en/news/4679876/which-premier-league-players-will-win-the-2026-world-cup; targeted minute checks: https://www.givemesport.com/england-2026-world-cup-players-ranked-worst-best-football-soccer/ https://www.newsandstar.co.uk/news/26292262.dean-henderson-handed-first-world-cup-appearance-england/ https://last5games.com/players/kobbie-mainoo-37540234/ https://terrikon.com/en/football/players/33283; FPL bootstrap 20260721T171247Z; openfootball cross-check https://raw.githubusercontent.com/openfootball/worldcup.json/master/2026/worldcup.json,2026-07-21T17:21:28Z
180736,,Chalobah,CHE,England,third,2026-07-18,,,,extreme,minutes_unconfirmed,Premier League squad list https://www.premierleague.com/en/news/4676821/updated-premier-league-players-appearing-at-fifa-world-cup-2026-by-nation; FIFA final standings https://www.fifa.com/en/tournaments/mens/worldcup/canadamexicousa2026/articles/final-tournament-standings; FotMob minutes https://www.fotmob.com/leagues/77/stats/season/24254/players/mins_played/world-cup; Premier League finalist notes https://www.premierleague.com/en/news/4679876/which-premier-league-players-will-win-the-2026-world-cup; targeted minute checks: https://www.givemesport.com/england-2026-world-cup-players-ranked-worst-best-football-soccer/ https://www.newsandstar.co.uk/news/26292262.dean-henderson-handed-first-world-cup-appearance-england/ https://last5games.com/players/kobbie-mainoo-37540234/ https://terrikon.com/en/football/players/33283; FPL bootstrap 20260721T171247Z; openfootball cross-check https://raw.githubusercontent.com/openfootball/worldcup.json/master/2026/worldcup.json,2026-07-21T17:21:28Z
225796,,James,CHE,England,third,2026-07-18,3,229,,high,,Premier League squad list https://www.premierleague.com/en/news/4676821/updated-premier-league-players-appearing-at-fifa-world-cup-2026-by-nation; FIFA final standings https://www.fifa.com/en/tournaments/mens/worldcup/canadamexicousa2026/articles/final-tournament-standings; FotMob minutes https://www.fotmob.com/leagues/77/stats/season/24254/players/mins_played/world-cup; Premier League finalist notes https://www.premierleague.com/en/news/4679876/which-premier-league-players-will-win-the-2026-world-cup; targeted minute checks: https://www.givemesport.com/england-2026-world-cup-players-ranked-worst-best-football-soccer/ https://www.newsandstar.co.uk/news/26292262.dean-henderson-handed-first-world-cup-appearance-england/ https://last5games.com/players/kobbie-mainoo-37540234/ https://terrikon.com/en/football/players/33283; FPL bootstrap 20260721T171247Z; openfootball cross-check https://raw.githubusercontent.com/openfootball/worldcup.json/master/2026/worldcup.json,2026-07-21T17:21:28Z
482609,,Gusto,CHE,France,third,2026-07-18,4,28,,high,,Premier League squad list https://www.premierleague.com/en/news/4676821/updated-premier-league-players-appearing-at-fifa-world-cup-2026-by-nation; FIFA final standings https://www.fifa.com/en/tournaments/mens/worldcup/canadamexicousa2026/articles/final-tournament-standings; FotMob minutes https://www.fotmob.com/leagues/77/stats/season/24254/players/mins_played/world-cup; Premier League finalist notes https://www.premierleague.com/en/news/4679876/which-premier-league-players-will-win-the-2026-world-cup; targeted minute checks: https://www.givemesport.com/england-2026-world-cup-players-ranked-worst-best-football-soccer/ https://www.newsandstar.co.uk/news/26292262.dean-henderson-handed-first-world-cup-appearance-england/ https://last5games.com/players/kobbie-mainoo-37540234/ https://terrikon.com/en/football/players/33283; FPL bootstrap 20260721T171247Z; openfootball cross-check https://raw.githubusercontent.com/openfootball/worldcup.json/master/2026/worldcup.json,2026-07-21T17:21:28Z
551210,,Hato,CHE,Netherlands,r32,2026-06-29,1,34,,none,,Premier League squad list https://www.premierleague.com/en/news/4676821/updated-premier-league-players-appearing-at-fifa-world-cup-2026-by-nation; FIFA final standings https://www.fifa.com/en/tournaments/mens/worldcup/canadamexicousa2026/articles/final-tournament-standings; FotMob minutes https://www.fotmob.com/leagues/77/stats/season/24254/players/mins_played/world-cup; Premier League finalist notes https://www.premierleague.com/en/news/4679876/which-premier-league-players-will-win-the-2026-world-cup; targeted minute checks: https://www.givemesport.com/england-2026-world-cup-players-ranked-worst-best-football-soccer/ https://www.newsandstar.co.uk/news/26292262.dean-henderson-handed-first-world-cup-appearance-england/ https://last5games.com/players/kobbie-mainoo-37540234/ https://terrikon.com/en/football/players/33283; FPL bootstrap 20260721T171247Z; openfootball cross-check https://raw.githubusercontent.com/openfootball/worldcup.json/master/2026/worldcup.json,2026-07-21T17:21:28Z
247632,,Neto,CHE,Portugal,r16,2026-07-06,5,352,,moderate,join_token_subset;source_name_Pedro_Neto,Premier League squad list https://www.premierleague.com/en/news/4676821/updated-premier-league-players-appearing-at-fifa-world-cup-2026-by-nation; FIFA final standings https://www.fifa.com/en/tournaments/mens/worldcup/canadamexicousa2026/articles/final-tournament-standings; FotMob minutes https://www.fotmob.com/leagues/77/stats/season/24254/players/mins_played/world-cup; Premier League finalist notes https://www.premierleague.com/en/news/4679876/which-premier-league-players-will-win-the-2026-world-cup; targeted minute checks: https://www.givemesport.com/england-2026-world-cup-players-ranked-worst-best-football-soccer/ https://www.newsandstar.co.uk/news/26292262.dean-henderson-handed-first-world-cup-appearance-england/ https://last5games.com/players/kobbie-mainoo-37540234/ https://terrikon.com/en/football/players/33283; FPL bootstrap 20260721T171247Z; openfootball cross-check https://raw.githubusercontent.com/openfootball/worldcup.json/master/2026/worldcup.json,2026-07-21T17:21:28Z
574458,,M.Sarr,CHE,Senegal,r32,2026-07-01,,,,moderate,minutes_unconfirmed,Premier League squad list https://www.premierleague.com/en/news/4676821/updated-premier-league-players-appearing-at-fifa-world-cup-2026-by-nation; FIFA final standings https://www.fifa.com/en/tournaments/mens/worldcup/canadamexicousa2026/articles/final-tournament-standings; FotMob minutes https://www.fotmob.com/leagues/77/stats/season/24254/players/mins_played/world-cup; Premier League finalist notes https://www.premierleague.com/en/news/4679876/which-premier-league-players-will-win-the-2026-world-cup; targeted minute checks: https://www.givemesport.com/england-2026-world-cup-players-ranked-worst-best-football-soccer/ https://www.newsandstar.co.uk/news/26292262.dean-henderson-handed-first-world-cup-appearance-england/ https://last5games.com/players/kobbie-mainoo-37540234/ https://terrikon.com/en/football/players/33283; FPL bootstrap 20260721T171247Z; openfootball cross-check https://raw.githubusercontent.com/openfootball/worldcup.json/master/2026/worldcup.json,2026-07-21T17:21:28Z
517052,,N.Jackson,CHE,Senegal,r32,2026-07-01,4,232,,moderate,,Premier League squad list https://www.premierleague.com/en/news/4676821/updated-premier-league-players-appearing-at-fifa-world-cup-2026-by-nation; FIFA final standings https://www.fifa.com/en/tournaments/mens/worldcup/canadamexicousa2026/articles/final-tournament-standings; FotMob minutes https://www.fotmob.com/leagues/77/stats/season/24254/players/mins_played/world-cup; Premier League finalist notes https://www.premierleague.com/en/news/4679876/which-premier-league-players-will-win-the-2026-world-cup; targeted minute checks: https://www.givemesport.com/england-2026-world-cup-players-ranked-worst-best-football-soccer/ https://www.newsandstar.co.uk/news/26292262.dean-henderson-handed-first-world-cup-appearance-england/ https://last5games.com/players/kobbie-mainoo-37540234/ https://terrikon.com/en/football/players/33283; FPL bootstrap 20260721T171247Z; openfootball cross-check https://raw.githubusercontent.com/openfootball/worldcup.json/master/2026/worldcup.json,2026-07-21T17:21:28Z
179268,,Cucurella,CHE,Spain,champions,2026-07-19,7,630,,extreme,join_token_subset;source_name_Marc_Cucurella,Premier League squad list https://www.premierleague.com/en/news/4676821/updated-premier-league-players-appearing-at-fifa-world-cup-2026-by-nation; FIFA final standings https://www.fifa.com/en/tournaments/mens/worldcup/canadamexicousa2026/articles/final-tournament-standings; FotMob minutes https://www.fotmob.com/leagues/77/stats/season/24254/players/mins_played/world-cup; Premier League finalist notes https://www.premierleague.com/en/news/4679876/which-premier-league-players-will-win-the-2026-world-cup; targeted minute checks: https://www.givemesport.com/england-2026-world-cup-players-ranked-worst-best-football-soccer/ https://www.newsandstar.co.uk/news/26292262.dean-henderson-handed-first-world-cup-appearance-england/ https://last5games.com/players/kobbie-mainoo-37540234/ https://terrikon.com/en/football/players/33283; FPL bootstrap 20260721T171247Z; openfootball cross-check https://raw.githubusercontent.com/openfootball/worldcup.json/master/2026/worldcup.json,2026-07-21T17:21:28Z
,,Owen Goodman,CRY,Canada,r16,2026-07-04,,,,high,join_missing;minutes_unconfirmed,Premier League squad list https://www.premierleague.com/en/news/4676821/updated-premier-league-players-appearing-at-fifa-world-cup-2026-by-nation; FIFA final standings https://www.fifa.com/en/tournaments/mens/worldcup/canadamexicousa2026/articles/final-tournament-standings; FotMob minutes https://www.fotmob.com/leagues/77/stats/season/24254/players/mins_played/world-cup; Premier League finalist notes https://www.premierleague.com/en/news/4679876/which-premier-league-players-will-win-the-2026-world-cup; targeted minute checks: https://www.givemesport.com/england-2026-world-cup-players-ranked-worst-best-football-soccer/ https://www.newsandstar.co.uk/news/26292262.dean-henderson-handed-first-world-cup-appearance-england/ https://last5games.com/players/kobbie-mainoo-37540234/ https://terrikon.com/en/football/players/33283; FPL bootstrap 20260721T171247Z; openfootball cross-check https://raw.githubusercontent.com/openfootball/worldcup.json/master/2026/worldcup.json,2026-07-21T17:21:28Z
152551,,Lerma,CRY,Colombia,r16,2026-07-07,5,412,,moderate,join_token_subset;source_name_Jefferson_Lerma,Premier League squad list https://www.premierleague.com/en/news/4676821/updated-premier-league-players-appearing-at-fifa-world-cup-2026-by-nation; FIFA final standings https://www.fifa.com/en/tournaments/mens/worldcup/canadamexicousa2026/articles/final-tournament-standings; FotMob minutes https://www.fotmob.com/leagues/77/stats/season/24254/players/mins_played/world-cup; Premier League finalist notes https://www.premierleague.com/en/news/4679876/which-premier-league-players-will-win-the-2026-world-cup; targeted minute checks: https://www.givemesport.com/england-2026-world-cup-players-ranked-worst-best-football-soccer/ https://www.newsandstar.co.uk/news/26292262.dean-henderson-handed-first-world-cup-appearance-england/ https://last5games.com/players/kobbie-mainoo-37540234/ https://terrikon.com/en/football/players/33283; FPL bootstrap 20260721T171247Z; openfootball cross-check https://raw.githubusercontent.com/openfootball/worldcup.json/master/2026/worldcup.json,2026-07-21T17:21:28Z
247348,,Muñoz,CRY,Colombia,r16,2026-07-07,5,393,,moderate,join_token_subset;source_name_Daniel_Munoz,Premier League squad list https://www.premierleague.com/en/news/4676821/updated-premier-league-players-appearing-at-fifa-world-cup-2026-by-nation; FIFA final standings https://www.fifa.com/en/tournaments/mens/worldcup/canadamexicousa2026/articles/final-tournament-standings; FotMob minutes https://www.fotmob.com/leagues/77/stats/season/24254/players/mins_played/world-cup; Premier League finalist notes https://www.premierleague.com/en/news/4679876/which-premier-league-players-will-win-the-2026-world-cup; targeted minute checks: https://www.givemesport.com/england-2026-world-cup-players-ranked-worst-best-football-soccer/ https://www.newsandstar.co.uk/news/26292262.dean-henderson-handed-first-world-cup-appearance-england/ https://last5games.com/players/kobbie-mainoo-37540234/ https://terrikon.com/en/football/players/33283; FPL bootstrap 20260721T171247Z; openfootball cross-check https://raw.githubusercontent.com/openfootball/worldcup.json/master/2026/worldcup.json,2026-07-21T17:21:28Z
172649,,Henderson,CRY,England,third,2026-07-18,1,90,,high,bronze_final_start_cited,Premier League squad list https://www.premierleague.com/en/news/4676821/updated-premier-league-players-appearing-at-fifa-world-cup-2026-by-nation; FIFA final standings https://www.fifa.com/en/tournaments/mens/worldcup/canadamexicousa2026/articles/final-tournament-standings; FotMob minutes https://www.fotmob.com/leagues/77/stats/season/24254/players/mins_played/world-cup; Premier League finalist notes https://www.premierleague.com/en/news/4679876/which-premier-league-players-will-win-the-2026-world-cup; targeted minute checks: https://www.givemesport.com/england-2026-world-cup-players-ranked-worst-best-football-soccer/ https://www.newsandstar.co.uk/news/26292262.dean-henderson-handed-first-world-cup-appearance-england/ https://last5games.com/players/kobbie-mainoo-37540234/ https://terrikon.com/en/football/players/33283; FPL bootstrap 20260721T171247Z; openfootball cross-check https://raw.githubusercontent.com/openfootball/worldcup.json/master/2026/worldcup.json,2026-07-21T17:21:28Z
437499,,Lacroix,CRY,France,third,2026-07-18,2,150,,high,,Premier League squad list https://www.premierleague.com/en/news/4676821/updated-premier-league-players-appearing-at-fifa-world-cup-2026-by-nation; FIFA final standings https://www.fifa.com/en/tournaments/mens/worldcup/canadamexicousa2026/articles/final-tournament-standings; FotMob minutes https://www.fotmob.com/leagues/77/stats/season/24254/players/mins_played/world-cup; Premier League finalist notes https://www.premierleague.com/en/news/4679876/which-premier-league-players-will-win-the-2026-world-cup; targeted minute checks: https://www.givemesport.com/england-2026-world-cup-players-ranked-worst-best-football-soccer/ https://www.newsandstar.co.uk/news/26292262.dean-henderson-handed-first-world-cup-appearance-england/ https://last5games.com/players/kobbie-mainoo-37540234/ https://terrikon.com/en/football/players/33283; FPL bootstrap 20260721T171247Z; openfootball cross-check https://raw.githubusercontent.com/openfootball/worldcup.json/master/2026/worldcup.json,2026-07-21T17:21:28Z
231747,,Mateta,CRY,France,third,2026-07-18,3,21,,high,,Premier League squad list https://www.premierleague.com/en/news/4676821/updated-premier-league-players-appearing-at-fifa-world-cup-2026-by-nation; FIFA final standings https://www.fifa.com/en/tournaments/mens/worldcup/canadamexicousa2026/articles/final-tournament-standings; FotMob minutes https://www.fotmob.com/leagues/77/stats/season/24254/players/mins_played/world-cup; Premier League finalist notes https://www.premierleague.com/en/news/4679876/which-premier-league-players-will-win-the-2026-world-cup; targeted minute checks: https://www.givemesport.com/england-2026-world-cup-players-ranked-worst-best-football-soccer/ https://www.newsandstar.co.uk/news/26292262.dean-henderson-handed-first-world-cup-appearance-england/ https://last5games.com/players/kobbie-mainoo-37540234/ https://terrikon.com/en/football/players/33283; FPL bootstrap 20260721T171247Z; openfootball cross-check https://raw.githubusercontent.com/openfootball/worldcup.json/master/2026/worldcup.json,2026-07-21T17:21:28Z
485337,,Guessand,CRY,Ivory Coast,r32,2026-06-30,2,16,,none,join_global_exact;source_club_Aston_Villa,Premier League squad list https://www.premierleague.com/en/news/4676821/updated-premier-league-players-appearing-at-fifa-world-cup-2026-by-nation; FIFA final standings https://www.fifa.com/en/tournaments/mens/worldcup/canadamexicousa2026/articles/final-tournament-standings; FotMob minutes https://www.fotmob.com/leagues/77/stats/season/24254/players/mins_played/world-cup; Premier League finalist notes https://www.premierleague.com/en/news/4679876/which-premier-league-players-will-win-the-2026-world-cup; targeted minute checks: https://www.givemesport.com/england-2026-world-cup-players-ranked-worst-best-football-soccer/ https://www.newsandstar.co.uk/news/26292262.dean-henderson-handed-first-world-cup-appearance-england/ https://last5games.com/players/kobbie-mainoo-37540234/ https://terrikon.com/en/football/players/33283; FPL bootstrap 20260721T171247Z; openfootball cross-check https://raw.githubusercontent.com/openfootball/worldcup.json/master/2026/worldcup.json,2026-07-21T17:21:28Z
209400,,Kamada,CRY,Japan,r32,2026-06-29,4,331,,moderate,,Premier League squad list https://www.premierleague.com/en/news/4676821/updated-premier-league-players-appearing-at-fifa-world-cup-2026-by-nation; FIFA final standings https://www.fifa.com/en/tournaments/mens/worldcup/canadamexicousa2026/articles/final-tournament-standings; FotMob minutes https://www.fotmob.com/leagues/77/stats/season/24254/players/mins_played/world-cup; Premier League finalist notes https://www.premierleague.com/en/news/4679876/which-premier-league-players-will-win-the-2026-world-cup; targeted minute checks: https://www.givemesport.com/england-2026-world-cup-players-ranked-worst-best-football-soccer/ https://www.newsandstar.co.uk/news/26292262.dean-henderson-handed-first-world-cup-appearance-england/ https://last5games.com/players/kobbie-mainoo-37540234/ https://terrikon.com/en/football/players/33283; FPL bootstrap 20260721T171247Z; openfootball cross-check https://raw.githubusercontent.com/openfootball/worldcup.json/master/2026/worldcup.json,2026-07-21T17:21:28Z
515621,,Chadi Riad,CRY,Morocco,qf,2026-07-09,4,345,,moderate,,Premier League squad list https://www.premierleague.com/en/news/4676821/updated-premier-league-players-appearing-at-fifa-world-cup-2026-by-nation; FIFA final standings https://www.fifa.com/en/tournaments/mens/worldcup/canadamexicousa2026/articles/final-tournament-standings; FotMob minutes https://www.fotmob.com/leagues/77/stats/season/24254/players/mins_played/world-cup; Premier League finalist notes https://www.premierleague.com/en/news/4679876/which-premier-league-players-will-win-the-2026-world-cup; targeted minute checks: https://www.givemesport.com/england-2026-world-cup-players-ranked-worst-best-football-soccer/ https://www.newsandstar.co.uk/news/26292262.dean-henderson-handed-first-world-cup-appearance-england/ https://last5games.com/players/kobbie-mainoo-37540234/ https://terrikon.com/en/football/players/33283; FPL bootstrap 20260721T171247Z; openfootball cross-check https://raw.githubusercontent.com/openfootball/worldcup.json/master/2026/worldcup.json,2026-07-21T17:21:28Z
247412,,Strand Larsen,CRY,Norway,qf,2026-07-11,2,105,,moderate,,Premier League squad list https://www.premierleague.com/en/news/4676821/updated-premier-league-players-appearing-at-fifa-world-cup-2026-by-nation; FIFA final standings https://www.fifa.com/en/tournaments/mens/worldcup/canadamexicousa2026/articles/final-tournament-standings; FotMob minutes https://www.fotmob.com/leagues/77/stats/season/24254/players/mins_played/world-cup; Premier League finalist notes https://www.premierleague.com/en/news/4679876/which-premier-league-players-will-win-the-2026-world-cup; targeted minute checks: https://www.givemesport.com/england-2026-world-cup-players-ranked-worst-best-football-soccer/ https://www.newsandstar.co.uk/news/26292262.dean-henderson-handed-first-world-cup-appearance-england/ https://last5games.com/players/kobbie-mainoo-37540234/ https://terrikon.com/en/football/players/33283; FPL bootstrap 20260721T171247Z; openfootball cross-check https://raw.githubusercontent.com/openfootball/worldcup.json/master/2026/worldcup.json,2026-07-21T17:21:28Z
232185,,Sarr,CRY,Senegal,r32,2026-07-01,4,366,,moderate,,Premier League squad list https://www.premierleague.com/en/news/4676821/updated-premier-league-players-appearing-at-fifa-world-cup-2026-by-nation; FIFA final standings https://www.fifa.com/en/tournaments/mens/worldcup/canadamexicousa2026/articles/final-tournament-standings; FotMob minutes https://www.fotmob.com/leagues/77/stats/season/24254/players/mins_played/world-cup; Premier League finalist notes https://www.premierleague.com/en/news/4679876/which-premier-league-players-will-win-the-2026-world-cup; targeted minute checks: https://www.givemesport.com/england-2026-world-cup-players-ranked-worst-best-football-soccer/ https://www.newsandstar.co.uk/news/26292262.dean-henderson-handed-first-world-cup-appearance-england/ https://last5games.com/players/kobbie-mainoo-37540234/ https://terrikon.com/en/football/players/33283; FPL bootstrap 20260721T171247Z; openfootball cross-check https://raw.githubusercontent.com/openfootball/worldcup.json/master/2026/worldcup.json,2026-07-21T17:21:28Z
488024,,Yeremy,CRY,Spain,champions,2026-07-19,2,69,,extreme,join_token_subset;source_name_Yeremy_Pino,Premier League squad list https://www.premierleague.com/en/news/4676821/updated-premier-league-players-appearing-at-fifa-world-cup-2026-by-nation; FIFA final standings https://www.fifa.com/en/tournaments/mens/worldcup/canadamexicousa2026/articles/final-tournament-standings; FotMob minutes https://www.fotmob.com/leagues/77/stats/season/24254/players/mins_played/world-cup; Premier League finalist notes https://www.premierleague.com/en/news/4679876/which-premier-league-players-will-win-the-2026-world-cup; targeted minute checks: https://www.givemesport.com/england-2026-world-cup-players-ranked-worst-best-football-soccer/ https://www.newsandstar.co.uk/news/26292262.dean-henderson-handed-first-world-cup-appearance-england/ https://last5games.com/players/kobbie-mainoo-37540234/ https://terrikon.com/en/football/players/33283; FPL bootstrap 20260721T171247Z; openfootball cross-check https://raw.githubusercontent.com/openfootball/worldcup.json/master/2026/worldcup.json,2026-07-21T17:21:28Z
427623,,Richards,CRY,United States,r16,2026-07-06,4,360,,moderate,,Premier League squad list https://www.premierleague.com/en/news/4676821/updated-premier-league-players-appearing-at-fifa-world-cup-2026-by-nation; FIFA final standings https://www.fifa.com/en/tournaments/mens/worldcup/canadamexicousa2026/articles/final-tournament-standings; FotMob minutes https://www.fotmob.com/leagues/77/stats/season/24254/players/mins_played/world-cup; Premier League finalist notes https://www.premierleague.com/en/news/4679876/which-premier-league-players-will-win-the-2026-world-cup; targeted minute checks: https://www.givemesport.com/england-2026-world-cup-players-ranked-worst-best-football-soccer/ https://www.newsandstar.co.uk/news/26292262.dean-henderson-handed-first-world-cup-appearance-england/ https://last5games.com/players/kobbie-mainoo-37540234/ https://terrikon.com/en/football/players/33283; FPL bootstrap 20260721T171247Z; openfootball cross-check https://raw.githubusercontent.com/openfootball/worldcup.json/master/2026/worldcup.json,2026-07-21T17:21:28Z
111234,,Pickford,EVE,England,third,2026-07-18,6,570,,extreme,,Premier League squad list https://www.premierleague.com/en/news/4676821/updated-premier-league-players-appearing-at-fifa-world-cup-2026-by-nation; FIFA final standings https://www.fifa.com/en/tournaments/mens/worldcup/canadamexicousa2026/articles/final-tournament-standings; FotMob minutes https://www.fotmob.com/leagues/77/stats/season/24254/players/mins_played/world-cup; Premier League finalist notes https://www.premierleague.com/en/news/4679876/which-premier-league-players-will-win-the-2026-world-cup; targeted minute checks: https://www.givemesport.com/england-2026-world-cup-players-ranked-worst-best-football-soccer/ https://www.newsandstar.co.uk/news/26292262.dean-henderson-handed-first-world-cup-appearance-england/ https://last5games.com/players/kobbie-mainoo-37540234/ https://terrikon.com/en/football/players/33283; FPL bootstrap 20260721T171247Z; openfootball cross-check https://raw.githubusercontent.com/openfootball/worldcup.json/master/2026/worldcup.json,2026-07-21T17:21:28Z
243571,,Patterson,EVE,Scotland,group,2026-06-24,3,186,,moderate,,Premier League squad list https://www.premierleague.com/en/news/4676821/updated-premier-league-players-appearing-at-fifa-world-cup-2026-by-nation; FIFA final standings https://www.fifa.com/en/tournaments/mens/worldcup/canadamexicousa2026/articles/final-tournament-standings; FotMob minutes https://www.fotmob.com/leagues/77/stats/season/24254/players/mins_played/world-cup; Premier League finalist notes https://www.premierleague.com/en/news/4679876/which-premier-league-players-will-win-the-2026-world-cup; targeted minute checks: https://www.givemesport.com/england-2026-world-cup-players-ranked-worst-best-football-soccer/ https://www.newsandstar.co.uk/news/26292262.dean-henderson-handed-first-world-cup-appearance-england/ https://last5games.com/players/kobbie-mainoo-37540234/ https://terrikon.com/en/football/players/33283; FPL bootstrap 20260721T171247Z; openfootball cross-check https://raw.githubusercontent.com/openfootball/worldcup.json/master/2026/worldcup.json,2026-07-21T17:21:28Z
80801,,Gana,EVE,Senegal,r32,2026-07-01,4,364,,moderate,join_token_subset;source_name_Idrissa_Gueye,Premier League squad list https://www.premierleague.com/en/news/4676821/updated-premier-league-players-appearing-at-fifa-world-cup-2026-by-nation; FIFA final standings https://www.fifa.com/en/tournaments/mens/worldcup/canadamexicousa2026/articles/final-tournament-standings; FotMob minutes https://www.fotmob.com/leagues/77/stats/season/24254/players/mins_played/world-cup; Premier League finalist notes https://www.premierleague.com/en/news/4679876/which-premier-league-players-will-win-the-2026-world-cup; targeted minute checks: https://www.givemesport.com/england-2026-world-cup-players-ranked-worst-best-football-soccer/ https://www.newsandstar.co.uk/news/26292262.dean-henderson-handed-first-world-cup-appearance-england/ https://last5games.com/players/kobbie-mainoo-37540234/ https://terrikon.com/en/football/players/33283; FPL bootstrap 20260721T171247Z; openfootball cross-check https://raw.githubusercontent.com/openfootball/worldcup.json/master/2026/worldcup.json,2026-07-21T17:21:28Z
440993,,Ndiaye,EVE,Senegal,r32,2026-07-01,3,113,,moderate,,Premier League squad list https://www.premierleague.com/en/news/4676821/updated-premier-league-players-appearing-at-fifa-world-cup-2026-by-nation; FIFA final standings https://www.fifa.com/en/tournaments/mens/worldcup/canadamexicousa2026/articles/final-tournament-standings; FotMob minutes https://www.fotmob.com/leagues/77/stats/season/24254/players/mins_played/world-cup; Premier League finalist notes https://www.premierleague.com/en/news/4679876/which-premier-league-players-will-win-the-2026-world-cup; targeted minute checks: https://www.givemesport.com/england-2026-world-cup-players-ranked-worst-best-football-soccer/ https://www.newsandstar.co.uk/news/26292262.dean-henderson-handed-first-world-cup-appearance-england/ https://last5games.com/players/kobbie-mainoo-37540234/ https://terrikon.com/en/football/players/33283; FPL bootstrap 20260721T171247Z; openfootball cross-check https://raw.githubusercontent.com/openfootball/worldcup.json/master/2026/worldcup.json,2026-07-21T17:21:28Z
166477,,Castagne,FUL,Belgium,qf,2026-07-10,6,478,,extreme,,Premier League squad list https://www.premierleague.com/en/news/4676821/updated-premier-league-players-appearing-at-fifa-world-cup-2026-by-nation; FIFA final standings https://www.fifa.com/en/tournaments/mens/worldcup/canadamexicousa2026/articles/final-tournament-standings; FotMob minutes https://www.fotmob.com/leagues/77/stats/season/24254/players/mins_played/world-cup; Premier League finalist notes https://www.premierleague.com/en/news/4679876/which-premier-league-players-will-win-the-2026-world-cup; targeted minute checks: https://www.givemesport.com/england-2026-world-cup-players-ranked-worst-best-football-soccer/ https://www.newsandstar.co.uk/news/26292262.dean-henderson-handed-first-world-cup-appearance-england/ https://last5games.com/players/kobbie-mainoo-37540234/ https://terrikon.com/en/football/players/33283; FPL bootstrap 20260721T171247Z; openfootball cross-check https://raw.githubusercontent.com/openfootball/worldcup.json/master/2026/worldcup.json,2026-07-21T17:21:28Z
,,Luc de Fougerolles,FUL,Canada,r16,2026-07-04,5,372,,moderate,join_missing,Premier League squad list https://www.premierleague.com/en/news/4676821/updated-premier-league-players-appearing-at-fifa-world-cup-2026-by-nation; FIFA final standings https://www.fifa.com/en/tournaments/mens/worldcup/canadamexicousa2026/articles/final-tournament-standings; FotMob minutes https://www.fotmob.com/leagues/77/stats/season/24254/players/mins_played/world-cup; Premier League finalist notes https://www.premierleague.com/en/news/4679876/which-premier-league-players-will-win-the-2026-world-cup; targeted minute checks: https://www.givemesport.com/england-2026-world-cup-players-ranked-worst-best-football-soccer/ https://www.newsandstar.co.uk/news/26292262.dean-henderson-handed-first-world-cup-appearance-england/ https://last5games.com/players/kobbie-mainoo-37540234/ https://terrikon.com/en/football/players/33283; FPL bootstrap 20260721T171247Z; openfootball cross-check https://raw.githubusercontent.com/openfootball/worldcup.json/master/2026/worldcup.json,2026-07-21T17:21:28Z
102057,,Raúl,FUL,Mexico,r16,2026-07-05,4,320,,moderate,join_token_subset;source_name_Raul_Jimenez,Premier League squad list https://www.premierleague.com/en/news/4676821/updated-premier-league-players-appearing-at-fifa-world-cup-2026-by-nation; FIFA final standings https://www.fifa.com/en/tournaments/mens/worldcup/canadamexicousa2026/articles/final-tournament-standings; FotMob minutes https://www.fotmob.com/leagues/77/stats/season/24254/players/mins_played/world-cup; Premier League finalist notes https://www.premierleague.com/en/news/4679876/which-premier-league-players-will-win-the-2026-world-cup; targeted minute checks: https://www.givemesport.com/england-2026-world-cup-players-ranked-worst-best-football-soccer/ https://www.newsandstar.co.uk/news/26292262.dean-henderson-handed-first-world-cup-appearance-england/ https://last5games.com/players/kobbie-mainoo-37540234/ https://terrikon.com/en/football/players/33283; FPL bootstrap 20260721T171247Z; openfootball cross-check https://raw.githubusercontent.com/openfootball/worldcup.json/master/2026/worldcup.json,2026-07-21T17:21:28Z
219924,,Diop,FUL,Morocco,qf,2026-07-09,5,477,,extreme,,Premier League squad list https://www.premierleague.com/en/news/4676821/updated-premier-league-players-appearing-at-fifa-world-cup-2026-by-nation; FIFA final standings https://www.fifa.com/en/tournaments/mens/worldcup/canadamexicousa2026/articles/final-tournament-standings; FotMob minutes https://www.fotmob.com/leagues/77/stats/season/24254/players/mins_played/world-cup; Premier League finalist notes https://www.premierleague.com/en/news/4679876/which-premier-league-players-will-win-the-2026-world-cup; targeted minute checks: https://www.givemesport.com/england-2026-world-cup-players-ranked-worst-best-football-soccer/ https://www.newsandstar.co.uk/news/26292262.dean-henderson-handed-first-world-cup-appearance-england/ https://last5games.com/players/kobbie-mainoo-37540234/ https://terrikon.com/en/football/players/33283; FPL bootstrap 20260721T171247Z; openfootball cross-check https://raw.githubusercontent.com/openfootball/worldcup.json/master/2026/worldcup.json,2026-07-21T17:21:28Z
207189,,Berge,FUL,Norway,qf,2026-07-11,5,480,,extreme,,Premier League squad list https://www.premierleague.com/en/news/4676821/updated-premier-league-players-appearing-at-fifa-world-cup-2026-by-nation; FIFA final standings https://www.fifa.com/en/tournaments/mens/worldcup/canadamexicousa2026/articles/final-tournament-standings; FotMob minutes https://www.fotmob.com/leagues/77/stats/season/24254/players/mins_played/world-cup; Premier League finalist notes https://www.premierleague.com/en/news/4679876/which-premier-league-players-will-win-the-2026-world-cup; targeted minute checks: https://www.givemesport.com/england-2026-world-cup-players-ranked-worst-best-football-soccer/ https://www.newsandstar.co.uk/news/26292262.dean-henderson-handed-first-world-cup-appearance-england/ https://last5games.com/players/kobbie-mainoo-37540234/ https://terrikon.com/en/football/players/33283; FPL bootstrap 20260721T171247Z; openfootball cross-check https://raw.githubusercontent.com/openfootball/worldcup.json/master/2026/worldcup.json,2026-07-21T17:21:28Z
477555,,Bobb,FUL,Norway,qf,2026-07-11,6,222,,moderate,,Premier League squad list https://www.premierleague.com/en/news/4676821/updated-premier-league-players-appearing-at-fifa-world-cup-2026-by-nation; FIFA final standings https://www.fifa.com/en/tournaments/mens/worldcup/canadamexicousa2026/articles/final-tournament-standings; FotMob minutes https://www.fotmob.com/leagues/77/stats/season/24254/players/mins_played/world-cup; Premier League finalist notes https://www.premierleague.com/en/news/4679876/which-premier-league-players-will-win-the-2026-world-cup; targeted minute checks: https://www.givemesport.com/england-2026-world-cup-players-ranked-worst-best-football-soccer/ https://www.newsandstar.co.uk/news/26292262.dean-henderson-handed-first-world-cup-appearance-england/ https://last5games.com/players/kobbie-mainoo-37540234/ https://terrikon.com/en/football/players/33283; FPL bootstrap 20260721T171247Z; openfootball cross-check https://raw.githubusercontent.com/openfootball/worldcup.json/master/2026/worldcup.json,2026-07-21T17:21:28Z
169528,,Robinson,FUL,United States,r16,2026-07-06,4,349,,moderate,,Premier League squad list https://www.premierleague.com/en/news/4676821/updated-premier-league-players-appearing-at-fifa-world-cup-2026-by-nation; FIFA final standings https://www.fifa.com/en/tournaments/mens/worldcup/canadamexicousa2026/articles/final-tournament-standings; FotMob minutes https://www.fotmob.com/leagues/77/stats/season/24254/players/mins_played/world-cup; Premier League finalist notes https://www.premierleague.com/en/news/4679876/which-premier-league-players-will-win-the-2026-world-cup; targeted minute checks: https://www.givemesport.com/england-2026-world-cup-players-ranked-worst-best-football-soccer/ https://www.newsandstar.co.uk/news/26292262.dean-henderson-handed-first-world-cup-appearance-england/ https://last5games.com/players/kobbie-mainoo-37540234/ https://terrikon.com/en/football/players/33283; FPL bootstrap 20260721T171247Z; openfootball cross-check https://raw.githubusercontent.com/openfootball/worldcup.json/master/2026/worldcup.json,2026-07-21T17:21:28Z
248056,,Tanaka,LEE,Japan,r32,2026-06-29,3,192,,moderate,source_name_Ao_Tanaka,Premier League squad list https://www.premierleague.com/en/news/4676821/updated-premier-league-players-appearing-at-fifa-world-cup-2026-by-nation; FIFA final standings https://www.fifa.com/en/tournaments/mens/worldcup/canadamexicousa2026/articles/final-tournament-standings; FotMob minutes https://www.fotmob.com/leagues/77/stats/season/24254/players/mins_played/world-cup; Premier League finalist notes https://www.premierleague.com/en/news/4679876/which-premier-league-players-will-win-the-2026-world-cup; targeted minute checks: https://www.givemesport.com/england-2026-world-cup-players-ranked-worst-best-football-soccer/ https://www.newsandstar.co.uk/news/26292262.dean-henderson-handed-first-world-cup-appearance-england/ https://last5games.com/players/kobbie-mainoo-37540234/ https://terrikon.com/en/football/players/33283; FPL bootstrap 20260721T171247Z; openfootball cross-check https://raw.githubusercontent.com/openfootball/worldcup.json/master/2026/worldcup.json,2026-07-21T17:21:28Z
243526,,Gudmundsson,LEE,Sweden,r32,2026-06-30,4,332,,moderate,,Premier League squad list https://www.premierleague.com/en/news/4676821/updated-premier-league-players-appearing-at-fifa-world-cup-2026-by-nation; FIFA final standings https://www.fifa.com/en/tournaments/mens/worldcup/canadamexicousa2026/articles/final-tournament-standings; FotMob minutes https://www.fotmob.com/leagues/77/stats/season/24254/players/mins_played/world-cup; Premier League finalist notes https://www.premierleague.com/en/news/4679876/which-premier-league-players-will-win-the-2026-world-cup; targeted minute checks: https://www.givemesport.com/england-2026-world-cup-players-ranked-worst-best-football-soccer/ https://www.newsandstar.co.uk/news/26292262.dean-henderson-handed-first-world-cup-appearance-england/ https://last5games.com/players/kobbie-mainoo-37540234/ https://terrikon.com/en/football/players/33283; FPL bootstrap 20260721T171247Z; openfootball cross-check https://raw.githubusercontent.com/openfootball/worldcup.json/master/2026/worldcup.json,2026-07-21T17:21:28Z
435997,,Okafor,LEE,Switzerland,qf,2026-07-11,1,19,,moderate,,Premier League squad list https://www.premierleague.com/en/news/4676821/updated-premier-league-players-appearing-at-fifa-world-cup-2026-by-nation; FIFA final standings https://www.fifa.com/en/tournaments/mens/worldcup/canadamexicousa2026/articles/final-tournament-standings; FotMob minutes https://www.fotmob.com/leagues/77/stats/season/24254/players/mins_played/world-cup; Premier League finalist notes https://www.premierleague.com/en/news/4679876/which-premier-league-players-will-win-the-2026-world-cup; targeted minute checks: https://www.givemesport.com/england-2026-world-cup-players-ranked-worst-best-football-soccer/ https://www.newsandstar.co.uk/news/26292262.dean-henderson-handed-first-world-cup-appearance-england/ https://last5games.com/players/kobbie-mainoo-37540234/ https://terrikon.com/en/football/players/33283; FPL bootstrap 20260721T171247Z; openfootball cross-check https://raw.githubusercontent.com/openfootball/worldcup.json/master/2026/worldcup.json,2026-07-21T17:21:28Z
427637,,Aaronson,LEE,United States,r16,2026-07-06,1,77,,moderate,,Premier League squad list https://www.premierleague.com/en/news/4676821/updated-premier-league-players-appearing-at-fifa-world-cup-2026-by-nation; FIFA final standings https://www.fifa.com/en/tournaments/mens/worldcup/canadamexicousa2026/articles/final-tournament-standings; FotMob minutes https://www.fotmob.com/leagues/77/stats/season/24254/players/mins_played/world-cup; Premier League finalist notes https://www.premierleague.com/en/news/4679876/which-premier-league-players-will-win-the-2026-world-cup; targeted minute checks: https://www.givemesport.com/england-2026-world-cup-players-ranked-worst-best-football-soccer/ https://www.newsandstar.co.uk/news/26292262.dean-henderson-handed-first-world-cup-appearance-england/ https://last5games.com/players/kobbie-mainoo-37540234/ https://terrikon.com/en/football/players/33283; FPL bootstrap 20260721T171247Z; openfootball cross-check https://raw.githubusercontent.com/openfootball/worldcup.json/master/2026/worldcup.json,2026-07-21T17:21:28Z
243016,,Mac Allister,LIV,Argentina,final,2026-07-19,6,539,,extreme,,Premier League squad list https://www.premierleague.com/en/news/4676821/updated-premier-league-players-appearing-at-fifa-world-cup-2026-by-nation; FIFA final standings https://www.fifa.com/en/tournaments/mens/worldcup/canadamexicousa2026/articles/final-tournament-standings; FotMob minutes https://www.fotmob.com/leagues/77/stats/season/24254/players/mins_played/world-cup; Premier League finalist notes https://www.premierleague.com/en/news/4679876/which-premier-league-players-will-win-the-2026-world-cup; targeted minute checks: https://www.givemesport.com/england-2026-world-cup-players-ranked-worst-best-football-soccer/ https://www.newsandstar.co.uk/news/26292262.dean-henderson-handed-first-world-cup-appearance-england/ https://last5games.com/players/kobbie-mainoo-37540234/ https://terrikon.com/en/football/players/33283; FPL bootstrap 20260721T171247Z; openfootball cross-check https://raw.githubusercontent.com/openfootball/worldcup.json/master/2026/worldcup.json,2026-07-21T17:21:28Z
116535,,A.Becker,LIV,Brazil,r16,2026-07-05,5,450,,extreme,,Premier League squad list https://www.premierleague.com/en/news/4676821/updated-premier-league-players-appearing-at-fifa-world-cup-2026-by-nation; FIFA final standings https://www.fifa.com/en/tournaments/mens/worldcup/canadamexicousa2026/articles/final-tournament-standings; FotMob minutes https://www.fotmob.com/leagues/77/stats/season/24254/players/mins_played/world-cup; Premier League finalist notes https://www.premierleague.com/en/news/4679876/which-premier-league-players-will-win-the-2026-world-cup; targeted minute checks: https://www.givemesport.com/england-2026-world-cup-players-ranked-worst-best-football-soccer/ https://www.newsandstar.co.uk/news/26292262.dean-henderson-handed-first-world-cup-appearance-england/ https://last5games.com/players/kobbie-mainoo-37540234/ https://terrikon.com/en/football/players/33283; FPL bootstrap 20260721T171247Z; openfootball cross-check https://raw.githubusercontent.com/openfootball/worldcup.json/master/2026/worldcup.json,2026-07-21T17:21:28Z
118748,,M.Salah,LIV,Egypt,r16,2026-07-07,5,428,,moderate,,Premier League squad list https://www.premierleague.com/en/news/4676821/updated-premier-league-players-appearing-at-fifa-world-cup-2026-by-nation; FIFA final standings https://www.fifa.com/en/tournaments/mens/worldcup/canadamexicousa2026/articles/final-tournament-standings; FotMob minutes https://www.fotmob.com/leagues/77/stats/season/24254/players/mins_played/world-cup; Premier League finalist notes https://www.premierleague.com/en/news/4679876/which-premier-league-players-will-win-the-2026-world-cup; targeted minute checks: https://www.givemesport.com/england-2026-world-cup-players-ranked-worst-best-football-soccer/ https://www.newsandstar.co.uk/news/26292262.dean-henderson-handed-first-world-cup-appearance-england/ https://last5games.com/players/kobbie-mainoo-37540234/ https://terrikon.com/en/football/players/33283; FPL bootstrap 20260721T171247Z; openfootball cross-check https://raw.githubusercontent.com/openfootball/worldcup.json/master/2026/worldcup.json,2026-07-21T17:21:28Z
204716,,Konaté,LIV,France,third,2026-07-18,1,14,,high,,Premier League squad list https://www.premierleague.com/en/news/4676821/updated-premier-league-players-appearing-at-fifa-world-cup-2026-by-nation; FIFA final standings https://www.fifa.com/en/tournaments/mens/worldcup/canadamexicousa2026/articles/final-tournament-standings; FotMob minutes https://www.fotmob.com/leagues/77/stats/season/24254/players/mins_played/world-cup; Premier League finalist notes https://www.premierleague.com/en/news/4679876/which-premier-league-players-will-win-the-2026-world-cup; targeted minute checks: https://www.givemesport.com/england-2026-world-cup-players-ranked-worst-best-football-soccer/ https://www.newsandstar.co.uk/news/26292262.dean-henderson-handed-first-world-cup-appearance-england/ https://last5games.com/players/kobbie-mainoo-37540234/ https://terrikon.com/en/football/players/33283; FPL bootstrap 20260721T171247Z; openfootball cross-check https://raw.githubusercontent.com/openfootball/worldcup.json/master/2026/worldcup.json,2026-07-21T17:21:28Z
494595,,Wirtz,LIV,Germany,r32,2026-06-29,4,363,,moderate,,Premier League squad list https://www.premierleague.com/en/news/4676821/updated-premier-league-players-appearing-at-fifa-world-cup-2026-by-nation; FIFA final standings https://www.fifa.com/en/tournaments/mens/worldcup/canadamexicousa2026/articles/final-tournament-standings; FotMob minutes https://www.fotmob.com/leagues/77/stats/season/24254/players/mins_played/world-cup; Premier League finalist notes https://www.premierleague.com/en/news/4679876/which-premier-league-players-will-win-the-2026-world-cup; targeted minute checks: https://www.givemesport.com/england-2026-world-cup-players-ranked-worst-best-football-soccer/ https://www.newsandstar.co.uk/news/26292262.dean-henderson-handed-first-world-cup-appearance-england/ https://last5games.com/players/kobbie-mainoo-37540234/ https://terrikon.com/en/football/players/33283; FPL bootstrap 20260721T171247Z; openfootball cross-check https://raw.githubusercontent.com/openfootball/worldcup.json/master/2026/worldcup.json,2026-07-21T17:21:28Z
243298,,Gakpo,LIV,Netherlands,r32,2026-06-29,4,371,,moderate,,Premier League squad list https://www.premierleague.com/en/news/4676821/updated-premier-league-players-appearing-at-fifa-world-cup-2026-by-nation; FIFA final standings https://www.fifa.com/en/tournaments/mens/worldcup/canadamexicousa2026/articles/final-tournament-standings; FotMob minutes https://www.fotmob.com/leagues/77/stats/season/24254/players/mins_played/world-cup; Premier League finalist notes https://www.premierleague.com/en/news/4679876/which-premier-league-players-will-win-the-2026-world-cup; targeted minute checks: https://www.givemesport.com/england-2026-world-cup-players-ranked-worst-best-football-soccer/ https://www.newsandstar.co.uk/news/26292262.dean-henderson-handed-first-world-cup-appearance-england/ https://last5games.com/players/kobbie-mainoo-37540234/ https://terrikon.com/en/football/players/33283; FPL bootstrap 20260721T171247Z; openfootball cross-check https://raw.githubusercontent.com/openfootball/worldcup.json/master/2026/worldcup.json,2026-07-21T17:21:28Z
441266,,Gravenberch,LIV,Netherlands,r32,2026-06-29,4,347,,moderate,,Premier League squad list https://www.premierleague.com/en/news/4676821/updated-premier-league-players-appearing-at-fifa-world-cup-2026-by-nation; FIFA final standings https://www.fifa.com/en/tournaments/mens/worldcup/canadamexicousa2026/articles/final-tournament-standings; FotMob minutes https://www.fotmob.com/leagues/77/stats/season/24254/players/mins_played/world-cup; Premier League finalist notes https://www.premierleague.com/en/news/4679876/which-premier-league-players-will-win-the-2026-world-cup; targeted minute checks: https://www.givemesport.com/england-2026-world-cup-players-ranked-worst-best-football-soccer/ https://www.newsandstar.co.uk/news/26292262.dean-henderson-handed-first-world-cup-appearance-england/ https://last5games.com/players/kobbie-mainoo-37540234/ https://terrikon.com/en/football/players/33283; FPL bootstrap 20260721T171247Z; openfootball cross-check https://raw.githubusercontent.com/openfootball/worldcup.json/master/2026/worldcup.json,2026-07-21T17:21:28Z
97032,,Virgil,LIV,Netherlands,r32,2026-06-29,4,390,,moderate,,Premier League squad list https://www.premierleague.com/en/news/4676821/updated-premier-league-players-appearing-at-fifa-world-cup-2026-by-nation; FIFA final standings https://www.fifa.com/en/tournaments/mens/worldcup/canadamexicousa2026/articles/final-tournament-standings; FotMob minutes https://www.fotmob.com/leagues/77/stats/season/24254/players/mins_played/world-cup; Premier League finalist notes https://www.premierleague.com/en/news/4679876/which-premier-league-players-will-win-the-2026-world-cup; targeted minute checks: https://www.givemesport.com/england-2026-world-cup-players-ranked-worst-best-football-soccer/ https://www.newsandstar.co.uk/news/26292262.dean-henderson-handed-first-world-cup-appearance-england/ https://last5games.com/players/kobbie-mainoo-37540234/ https://terrikon.com/en/football/players/33283; FPL bootstrap 20260721T171247Z; openfootball cross-check https://raw.githubusercontent.com/openfootball/worldcup.json/master/2026/worldcup.json,2026-07-21T17:21:28Z
122798,,Robertson,LIV,Scotland,group,2026-06-24,3,225,,moderate,join_fuzzy_0.87;source_name_Andy_Robertson,Premier League squad list https://www.premierleague.com/en/news/4676821/updated-premier-league-players-appearing-at-fifa-world-cup-2026-by-nation; FIFA final standings https://www.fifa.com/en/tournaments/mens/worldcup/canadamexicousa2026/articles/final-tournament-standings; FotMob minutes https://www.fotmob.com/leagues/77/stats/season/24254/players/mins_played/world-cup; Premier League finalist notes https://www.premierleague.com/en/news/4679876/which-premier-league-players-will-win-the-2026-world-cup; targeted minute checks: https://www.givemesport.com/england-2026-world-cup-players-ranked-worst-best-football-soccer/ https://www.newsandstar.co.uk/news/26292262.dean-henderson-handed-first-world-cup-appearance-england/ https://last5games.com/players/kobbie-mainoo-37540234/ https://terrikon.com/en/football/players/33283; FPL bootstrap 20260721T171247Z; openfootball cross-check https://raw.githubusercontent.com/openfootball/worldcup.json/master/2026/worldcup.json,2026-07-21T17:21:28Z
219168,,Isak,LIV,Sweden,r32,2026-06-30,4,358,,moderate,,Premier League squad list https://www.premierleague.com/en/news/4676821/updated-premier-league-players-appearing-at-fifa-world-cup-2026-by-nation; FIFA final standings https://www.fifa.com/en/tournaments/mens/worldcup/canadamexicousa2026/articles/final-tournament-standings; FotMob minutes https://www.fotmob.com/leagues/77/stats/season/24254/players/mins_played/world-cup; Premier League finalist notes https://www.premierleague.com/en/news/4679876/which-premier-league-players-will-win-the-2026-world-cup; targeted minute checks: https://www.givemesport.com/england-2026-world-cup-players-ranked-worst-best-football-soccer/ https://www.newsandstar.co.uk/news/26292262.dean-henderson-handed-first-world-cup-appearance-england/ https://last5games.com/players/kobbie-mainoo-37540234/ https://terrikon.com/en/football/players/33283; FPL bootstrap 20260721T171247Z; openfootball cross-check https://raw.githubusercontent.com/openfootball/worldcup.json/master/2026/worldcup.json,2026-07-21T17:21:28Z
448514,,Aït-Nouri,MCI,Algeria,r32,2026-07-02,4,284,,moderate,,Premier League squad list https://www.premierleague.com/en/news/4676821/updated-premier-league-players-appearing-at-fifa-world-cup-2026-by-nation; FIFA final standings https://www.fifa.com/en/tournaments/mens/worldcup/canadamexicousa2026/articles/final-tournament-standings; FotMob minutes https://www.fotmob.com/leagues/77/stats/season/24254/players/mins_played/world-cup; Premier League finalist notes https://www.premierleague.com/en/news/4679876/which-premier-league-players-will-win-the-2026-world-cup; targeted minute checks: https://www.givemesport.com/england-2026-world-cup-players-ranked-worst-best-football-soccer/ https://www.newsandstar.co.uk/news/26292262.dean-henderson-handed-first-world-cup-appearance-england/ https://last5games.com/players/kobbie-mainoo-37540234/ https://terrikon.com/en/football/players/33283; FPL bootstrap 20260721T171247Z; openfootball cross-check https://raw.githubusercontent.com/openfootball/worldcup.json/master/2026/worldcup.json,2026-07-21T17:21:28Z
248875,,Doku,MCI,Belgium,qf,2026-07-10,5,311,,moderate,,Premier League squad list https://www.premierleague.com/en/news/4676821/updated-premier-league-players-appearing-at-fifa-world-cup-2026-by-nation; FIFA final standings https://www.fifa.com/en/tournaments/mens/worldcup/canadamexicousa2026/articles/final-tournament-standings; FotMob minutes https://www.fotmob.com/leagues/77/stats/season/24254/players/mins_played/world-cup; Premier League finalist notes https://www.premierleague.com/en/news/4679876/which-premier-league-players-will-win-the-2026-world-cup; targeted minute checks: https://www.givemesport.com/england-2026-world-cup-players-ranked-worst-best-football-soccer/ https://www.newsandstar.co.uk/news/26292262.dean-henderson-handed-first-world-cup-appearance-england/ https://last5games.com/players/kobbie-mainoo-37540234/ https://terrikon.com/en/football/players/33283; FPL bootstrap 20260721T171247Z; openfootball cross-check https://raw.githubusercontent.com/openfootball/worldcup.json/master/2026/worldcup.json,2026-07-21T17:21:28Z
477424,,Gvardiol,MCI,Croatia,r32,2026-07-02,4,138,,moderate,,Premier League squad list https://www.premierleague.com/en/news/4676821/updated-premier-league-players-appearing-at-fifa-world-cup-2026-by-nation; FIFA final standings https://www.fifa.com/en/tournaments/mens/worldcup/canadamexicousa2026/articles/final-tournament-standings; FotMob minutes https://www.fotmob.com/leagues/77/stats/season/24254/players/mins_played/world-cup; Premier League finalist notes https://www.premierleague.com/en/news/4679876/which-premier-league-players-will-win-the-2026-world-cup; targeted minute checks: https://www.givemesport.com/england-2026-world-cup-players-ranked-worst-best-football-soccer/ https://www.newsandstar.co.uk/news/26292262.dean-henderson-handed-first-world-cup-appearance-england/ https://last5games.com/players/kobbie-mainoo-37540234/ https://terrikon.com/en/football/players/33283; FPL bootstrap 20260721T171247Z; openfootball cross-check https://raw.githubusercontent.com/openfootball/worldcup.json/master/2026/worldcup.json,2026-07-21T17:21:28Z
91651,,Kovačić,MCI,Croatia,r32,2026-07-02,4,271,,moderate,,Premier League squad list https://www.premierleague.com/en/news/4676821/updated-premier-league-players-appearing-at-fifa-world-cup-2026-by-nation; FIFA final standings https://www.fifa.com/en/tournaments/mens/worldcup/canadamexicousa2026/articles/final-tournament-standings; FotMob minutes https://www.fotmob.com/leagues/77/stats/season/24254/players/mins_played/world-cup; Premier League finalist notes https://www.premierleague.com/en/news/4679876/which-premier-league-players-will-win-the-2026-world-cup; targeted minute checks: https://www.givemesport.com/england-2026-world-cup-players-ranked-worst-best-football-soccer/ https://www.newsandstar.co.uk/news/26292262.dean-henderson-handed-first-world-cup-appearance-england/ https://last5games.com/players/kobbie-mainoo-37540234/ https://terrikon.com/en/football/players/33283; FPL bootstrap 20260721T171247Z; openfootball cross-check https://raw.githubusercontent.com/openfootball/worldcup.json/master/2026/worldcup.json,2026-07-21T17:21:28Z
438234,,Marmoush,MCI,Egypt,r16,2026-07-07,5,326,,moderate,,Premier League squad list https://www.premierleague.com/en/news/4676821/updated-premier-league-players-appearing-at-fifa-world-cup-2026-by-nation; FIFA final standings https://www.fifa.com/en/tournaments/mens/worldcup/canadamexicousa2026/articles/final-tournament-standings; FotMob minutes https://www.fotmob.com/leagues/77/stats/season/24254/players/mins_played/world-cup; Premier League finalist notes https://www.premierleague.com/en/news/4679876/which-premier-league-players-will-win-the-2026-world-cup; targeted minute checks: https://www.givemesport.com/england-2026-world-cup-players-ranked-worst-best-football-soccer/ https://www.newsandstar.co.uk/news/26292262.dean-henderson-handed-first-world-cup-appearance-england/ https://last5games.com/players/kobbie-mainoo-37540234/ https://terrikon.com/en/football/players/33283; FPL bootstrap 20260721T171247Z; openfootball cross-check https://raw.githubusercontent.com/openfootball/worldcup.json/master/2026/worldcup.json,2026-07-21T17:21:28Z
209036,,Guéhi,MCI,England,third,2026-07-18,6,483,,extreme,,Premier League squad list https://www.premierleague.com/en/news/4676821/updated-premier-league-players-appearing-at-fifa-world-cup-2026-by-nation; FIFA final standings https://www.fifa.com/en/tournaments/mens/worldcup/canadamexicousa2026/articles/final-tournament-standings; FotMob minutes https://www.fotmob.com/leagues/77/stats/season/24254/players/mins_played/world-cup; Premier League finalist notes https://www.premierleague.com/en/news/4679876/which-premier-league-players-will-win-the-2026-world-cup; targeted minute checks: https://www.givemesport.com/england-2026-world-cup-players-ranked-worst-best-football-soccer/ https://www.newsandstar.co.uk/news/26292262.dean-henderson-handed-first-world-cup-appearance-england/ https://last5games.com/players/kobbie-mainoo-37540234/ https://terrikon.com/en/football/players/33283; FPL bootstrap 20260721T171247Z; openfootball cross-check https://raw.githubusercontent.com/openfootball/worldcup.json/master/2026/worldcup.json,2026-07-21T17:21:28Z
472769,,O'Reilly,MCI,England,third,2026-07-18,6,454,,extreme,,Premier League squad list https://www.premierleague.com/en/news/4676821/updated-premier-league-players-appearing-at-fifa-world-cup-2026-by-nation; FIFA final standings https://www.fifa.com/en/tournaments/mens/worldcup/canadamexicousa2026/articles/final-tournament-standings; FotMob minutes https://www.fotmob.com/leagues/77/stats/season/24254/players/mins_played/world-cup; Premier League finalist notes https://www.premierleague.com/en/news/4679876/which-premier-league-players-will-win-the-2026-world-cup; targeted minute checks: https://www.givemesport.com/england-2026-world-cup-players-ranked-worst-best-football-soccer/ https://www.newsandstar.co.uk/news/26292262.dean-henderson-handed-first-world-cup-appearance-england/ https://last5games.com/players/kobbie-mainoo-37540234/ https://terrikon.com/en/football/players/33283; FPL bootstrap 20260721T171247Z; openfootball cross-check https://raw.githubusercontent.com/openfootball/worldcup.json/master/2026/worldcup.json,2026-07-21T17:21:28Z
97299,,Stones,MCI,England,third,2026-07-18,4,241,,high,,Premier League squad list https://www.premierleague.com/en/news/4676821/updated-premier-league-players-appearing-at-fifa-world-cup-2026-by-nation; FIFA final standings https://www.fifa.com/en/tournaments/mens/worldcup/canadamexicousa2026/articles/final-tournament-standings; FotMob minutes https://www.fotmob.com/leagues/77/stats/season/24254/players/mins_played/world-cup; Premier League finalist notes https://www.premierleague.com/en/news/4679876/which-premier-league-players-will-win-the-2026-world-cup; targeted minute checks: https://www.givemesport.com/england-2026-world-cup-players-ranked-worst-best-football-soccer/ https://www.newsandstar.co.uk/news/26292262.dean-henderson-handed-first-world-cup-appearance-england/ https://last5games.com/players/kobbie-mainoo-37540234/ https://terrikon.com/en/football/players/33283; FPL bootstrap 20260721T171247Z; openfootball cross-check https://raw.githubusercontent.com/openfootball/worldcup.json/master/2026/worldcup.json,2026-07-21T17:21:28Z
432720,,Trafford,MCI,England,third,2026-07-18,0,0,,none,unused_cited_england_minutes_article,Premier League squad list https://www.premierleague.com/en/news/4676821/updated-premier-league-players-appearing-at-fifa-world-cup-2026-by-nation; FIFA final standings https://www.fifa.com/en/tournaments/mens/worldcup/canadamexicousa2026/articles/final-tournament-standings; FotMob minutes https://www.fotmob.com/leagues/77/stats/season/24254/players/mins_played/world-cup; Premier League finalist notes https://www.premierleague.com/en/news/4679876/which-premier-league-players-will-win-the-2026-world-cup; targeted minute checks: https://www.givemesport.com/england-2026-world-cup-players-ranked-worst-best-football-soccer/ https://www.newsandstar.co.uk/news/26292262.dean-henderson-handed-first-world-cup-appearance-england/ https://last5games.com/players/kobbie-mainoo-37540234/ https://terrikon.com/en/football/players/33283; FPL bootstrap 20260721T171247Z; openfootball cross-check https://raw.githubusercontent.com/openfootball/worldcup.json/master/2026/worldcup.json,2026-07-21T17:21:28Z
466052,,Cherki,MCI,France,third,2026-07-18,6,79,,high,,Premier League squad list https://www.premierleague.com/en/news/4676821/updated-premier-league-players-appearing-at-fifa-world-cup-2026-by-nation; FIFA final standings https://www.fifa.com/en/tournaments/mens/worldcup/canadamexicousa2026/articles/final-tournament-standings; FotMob minutes https://www.fotmob.com/leagues/77/stats/season/24254/players/mins_played/world-cup; Premier League finalist notes https://www.premierleague.com/en/news/4679876/which-premier-league-players-will-win-the-2026-world-cup; targeted minute checks: https://www.givemesport.com/england-2026-world-cup-players-ranked-worst-best-football-soccer/ https://www.newsandstar.co.uk/news/26292262.dean-henderson-handed-first-world-cup-appearance-england/ https://last5games.com/players/kobbie-mainoo-37540234/ https://terrikon.com/en/football/players/33283; FPL bootstrap 20260721T171247Z; openfootball cross-check https://raw.githubusercontent.com/openfootball/worldcup.json/master/2026/worldcup.json,2026-07-21T17:21:28Z
437730,,Semenyo,MCI,Ghana,r32,2026-07-03,4,360,,moderate,,Premier League squad list https://www.premierleague.com/en/news/4676821/updated-premier-league-players-appearing-at-fifa-world-cup-2026-by-nation; FIFA final standings https://www.fifa.com/en/tournaments/mens/worldcup/canadamexicousa2026/articles/final-tournament-standings; FotMob minutes https://www.fotmob.com/leagues/77/stats/season/24254/players/mins_played/world-cup; Premier League finalist notes https://www.premierleague.com/en/news/4679876/which-premier-league-players-will-win-the-2026-world-cup; targeted minute checks: https://www.givemesport.com/england-2026-world-cup-players-ranked-worst-best-football-soccer/ https://www.newsandstar.co.uk/news/26292262.dean-henderson-handed-first-world-cup-appearance-england/ https://last5games.com/players/kobbie-mainoo-37540234/ https://terrikon.com/en/football/players/33283; FPL bootstrap 20260721T171247Z; openfootball cross-check https://raw.githubusercontent.com/openfootball/worldcup.json/master/2026/worldcup.json,2026-07-21T17:21:28Z
126184,,Aké,MCI,Netherlands,r32,2026-06-29,3,170,,moderate,,Premier League squad list https://www.premierleague.com/en/news/4676821/updated-premier-league-players-appearing-at-fifa-world-cup-2026-by-nation; FIFA final standings https://www.fifa.com/en/tournaments/mens/worldcup/canadamexicousa2026/articles/final-tournament-standings; FotMob minutes https://www.fotmob.com/leagues/77/stats/season/24254/players/mins_played/world-cup; Premier League finalist notes https://www.premierleague.com/en/news/4679876/which-premier-league-players-will-win-the-2026-world-cup; targeted minute checks: https://www.givemesport.com/england-2026-world-cup-players-ranked-worst-best-football-soccer/ https://www.newsandstar.co.uk/news/26292262.dean-henderson-handed-first-world-cup-appearance-england/ https://last5games.com/players/kobbie-mainoo-37540234/ https://terrikon.com/en/football/players/33283; FPL bootstrap 20260721T171247Z; openfootball cross-check https://raw.githubusercontent.com/openfootball/worldcup.json/master/2026/worldcup.json,2026-07-21T17:21:28Z
433036,,Reijnders,MCI,Netherlands,r32,2026-06-29,3,201,,moderate,,Premier League squad list https://www.premierleague.com/en/news/4676821/updated-premier-league-players-appearing-at-fifa-world-cup-2026-by-nation; FIFA final standings https://www.fifa.com/en/tournaments/mens/worldcup/canadamexicousa2026/articles/final-tournament-standings; FotMob minutes https://www.fotmob.com/leagues/77/stats/season/24254/players/mins_played/world-cup; Premier League finalist notes https://www.premierleague.com/en/news/4679876/which-premier-league-players-will-win-the-2026-world-cup; targeted minute checks: https://www.givemesport.com/england-2026-world-cup-players-ranked-worst-best-football-soccer/ https://www.newsandstar.co.uk/news/26292262.dean-henderson-handed-first-world-cup-appearance-england/ https://last5games.com/players/kobbie-mainoo-37540234/ https://terrikon.com/en/football/players/33283; FPL bootstrap 20260721T171247Z; openfootball cross-check https://raw.githubusercontent.com/openfootball/worldcup.json/master/2026/worldcup.json,2026-07-21T17:21:28Z
223094,,Haaland,MCI,Norway,qf,2026-07-11,5,465,,extreme,,Premier League squad list https://www.premierleague.com/en/news/4676821/updated-premier-league-players-appearing-at-fifa-world-cup-2026-by-nation; FIFA final standings https://www.fifa.com/en/tournaments/mens/worldcup/canadamexicousa2026/articles/final-tournament-standings; FotMob minutes https://www.fotmob.com/leagues/77/stats/season/24254/players/mins_played/world-cup; Premier League finalist notes https://www.premierleague.com/en/news/4679876/which-premier-league-players-will-win-the-2026-world-cup; targeted minute checks: https://www.givemesport.com/england-2026-world-cup-players-ranked-worst-best-football-soccer/ https://www.newsandstar.co.uk/news/26292262.dean-henderson-handed-first-world-cup-appearance-england/ https://last5games.com/players/kobbie-mainoo-37540234/ https://terrikon.com/en/football/players/33283; FPL bootstrap 20260721T171247Z; openfootball cross-check https://raw.githubusercontent.com/openfootball/worldcup.json/master/2026/worldcup.json,2026-07-21T17:21:28Z
165809,,Bernardo,MCI,Portugal,r16,2026-07-06,4,94,,moderate,join_token_subset;source_name_Bernardo_Silva,Premier League squad list https://www.premierleague.com/en/news/4676821/updated-premier-league-players-appearing-at-fifa-world-cup-2026-by-nation; FIFA final standings https://www.fifa.com/en/tournaments/mens/worldcup/canadamexicousa2026/articles/final-tournament-standings; FotMob minutes https://www.fotmob.com/leagues/77/stats/season/24254/players/mins_played/world-cup; Premier League finalist notes https://www.premierleague.com/en/news/4679876/which-premier-league-players-will-win-the-2026-world-cup; targeted minute checks: https://www.givemesport.com/england-2026-world-cup-players-ranked-worst-best-football-soccer/ https://www.newsandstar.co.uk/news/26292262.dean-henderson-handed-first-world-cup-appearance-england/ https://last5games.com/players/kobbie-mainoo-37540234/ https://terrikon.com/en/football/players/33283; FPL bootstrap 20260721T171247Z; openfootball cross-check https://raw.githubusercontent.com/openfootball/worldcup.json/master/2026/worldcup.json,2026-07-21T17:21:28Z
465351,,Matheus N.,MCI,Portugal,r16,2026-07-06,1,1,,moderate,,Premier League squad list https://www.premierleague.com/en/news/4676821/updated-premier-league-players-appearing-at-fifa-world-cup-2026-by-nation; FIFA final standings https://www.fifa.com/en/tournaments/mens/worldcup/canadamexicousa2026/articles/final-tournament-standings; FotMob minutes https://www.fotmob.com/leagues/77/stats/season/24254/players/mins_played/world-cup; Premier League finalist notes https://www.premierleague.com/en/news/4679876/which-premier-league-players-will-win-the-2026-world-cup; targeted minute checks: https://www.givemesport.com/england-2026-world-cup-players-ranked-worst-best-football-soccer/ https://www.newsandstar.co.uk/news/26292262.dean-henderson-handed-first-world-cup-appearance-england/ https://last5games.com/players/kobbie-mainoo-37540234/ https://terrikon.com/en/football/players/33283; FPL bootstrap 20260721T171247Z; openfootball cross-check https://raw.githubusercontent.com/openfootball/worldcup.json/master/2026/worldcup.json,2026-07-21T17:21:28Z
171314,,Rúben,MCI,Portugal,r16,2026-07-06,4,360,,moderate,join_token_subset;source_name_Ruben_Dias,Premier League squad list https://www.premierleague.com/en/news/4676821/updated-premier-league-players-appearing-at-fifa-world-cup-2026-by-nation; FIFA final standings https://www.fifa.com/en/tournaments/mens/worldcup/canadamexicousa2026/articles/final-tournament-standings; FotMob minutes https://www.fotmob.com/leagues/77/stats/season/24254/players/mins_played/world-cup; Premier League finalist notes https://www.premierleague.com/en/news/4679876/which-premier-league-players-will-win-the-2026-world-cup; targeted minute checks: https://www.givemesport.com/england-2026-world-cup-players-ranked-worst-best-football-soccer/ https://www.newsandstar.co.uk/news/26292262.dean-henderson-handed-first-world-cup-appearance-england/ https://last5games.com/players/kobbie-mainoo-37540234/ https://terrikon.com/en/football/players/33283; FPL bootstrap 20260721T171247Z; openfootball cross-check https://raw.githubusercontent.com/openfootball/worldcup.json/master/2026/worldcup.json,2026-07-21T17:21:28Z
220566,,Rodrigo,MCI,Spain,champions,2026-07-19,7,627,,extreme,join_token_subset;source_name_Rodri,Premier League squad list https://www.premierleague.com/en/news/4676821/updated-premier-league-players-appearing-at-fifa-world-cup-2026-by-nation; FIFA final standings https://www.fifa.com/en/tournaments/mens/worldcup/canadamexicousa2026/articles/final-tournament-standings; FotMob minutes https://www.fotmob.com/leagues/77/stats/season/24254/players/mins_played/world-cup; Premier League finalist notes https://www.premierleague.com/en/news/4679876/which-premier-league-players-will-win-the-2026-world-cup; targeted minute checks: https://www.givemesport.com/england-2026-world-cup-players-ranked-worst-best-football-soccer/ https://www.newsandstar.co.uk/news/26292262.dean-henderson-handed-first-world-cup-appearance-england/ https://last5games.com/players/kobbie-mainoo-37540234/ https://terrikon.com/en/football/players/33283; FPL bootstrap 20260721T171247Z; openfootball cross-check https://raw.githubusercontent.com/openfootball/worldcup.json/master/2026/worldcup.json,2026-07-21T17:21:28Z
578153,,Khusanov,MCI,Uzbekistan,group,2026-06-27,3,270,,moderate,,Premier League squad list https://www.premierleague.com/en/news/4676821/updated-premier-league-players-appearing-at-fifa-world-cup-2026-by-nation; FIFA final standings https://www.fifa.com/en/tournaments/mens/worldcup/canadamexicousa2026/articles/final-tournament-standings; FotMob minutes https://www.fotmob.com/leagues/77/stats/season/24254/players/mins_played/world-cup; Premier League finalist notes https://www.premierleague.com/en/news/4679876/which-premier-league-players-will-win-the-2026-world-cup; targeted minute checks: https://www.givemesport.com/england-2026-world-cup-players-ranked-worst-best-football-soccer/ https://www.newsandstar.co.uk/news/26292262.dean-henderson-handed-first-world-cup-appearance-england/ https://last5games.com/players/kobbie-mainoo-37540234/ https://terrikon.com/en/football/players/33283; FPL bootstrap 20260721T171247Z; openfootball cross-check https://raw.githubusercontent.com/openfootball/worldcup.json/master/2026/worldcup.json,2026-07-21T17:21:28Z
221820,,Martinez,MUN,Argentina,final,2026-07-19,5,510,,extreme,,Premier League squad list https://www.premierleague.com/en/news/4676821/updated-premier-league-players-appearing-at-fifa-world-cup-2026-by-nation; FIFA final standings https://www.fifa.com/en/tournaments/mens/worldcup/canadamexicousa2026/articles/final-tournament-standings; FotMob minutes https://www.fotmob.com/leagues/77/stats/season/24254/players/mins_played/world-cup; Premier League finalist notes https://www.premierleague.com/en/news/4679876/which-premier-league-players-will-win-the-2026-world-cup; targeted minute checks: https://www.givemesport.com/england-2026-world-cup-players-ranked-worst-best-football-soccer/ https://www.newsandstar.co.uk/news/26292262.dean-henderson-handed-first-world-cup-appearance-england/ https://last5games.com/players/kobbie-mainoo-37540234/ https://terrikon.com/en/football/players/33283; FPL bootstrap 20260721T171247Z; openfootball cross-check https://raw.githubusercontent.com/openfootball/worldcup.json/master/2026/worldcup.json,2026-07-21T17:21:28Z
465247,,Lammens,MUN,Belgium,qf,2026-07-10,1,19,,moderate,,Premier League squad list https://www.premierleague.com/en/news/4676821/updated-premier-league-players-appearing-at-fifa-world-cup-2026-by-nation; FIFA final standings https://www.fifa.com/en/tournaments/mens/worldcup/canadamexicousa2026/articles/final-tournament-standings; FotMob minutes https://www.fotmob.com/leagues/77/stats/season/24254/players/mins_played/world-cup; Premier League finalist notes https://www.premierleague.com/en/news/4679876/which-premier-league-players-will-win-the-2026-world-cup; targeted minute checks: https://www.givemesport.com/england-2026-world-cup-players-ranked-worst-best-football-soccer/ https://www.newsandstar.co.uk/news/26292262.dean-henderson-handed-first-world-cup-appearance-england/ https://last5games.com/players/kobbie-mainoo-37540234/ https://terrikon.com/en/football/players/33283; FPL bootstrap 20260721T171247Z; openfootball cross-check https://raw.githubusercontent.com/openfootball/worldcup.json/master/2026/worldcup.json,2026-07-21T17:21:28Z
61256,,Casemiro,MUN,Brazil,r16,2026-07-05,5,379,,moderate,,Premier League squad list https://www.premierleague.com/en/news/4676821/updated-premier-league-players-appearing-at-fifa-world-cup-2026-by-nation; FIFA final standings https://www.fifa.com/en/tournaments/mens/worldcup/canadamexicousa2026/articles/final-tournament-standings; FotMob minutes https://www.fotmob.com/leagues/77/stats/season/24254/players/mins_played/world-cup; Premier League finalist notes https://www.premierleague.com/en/news/4679876/which-premier-league-players-will-win-the-2026-world-cup; targeted minute checks: https://www.givemesport.com/england-2026-world-cup-players-ranked-worst-best-football-soccer/ https://www.newsandstar.co.uk/news/26292262.dean-henderson-handed-first-world-cup-appearance-england/ https://last5games.com/players/kobbie-mainoo-37540234/ https://terrikon.com/en/football/players/33283; FPL bootstrap 20260721T171247Z; openfootball cross-check https://raw.githubusercontent.com/openfootball/worldcup.json/master/2026/worldcup.json,2026-07-21T17:21:28Z
430871,,Cunha,MUN,Brazil,r16,2026-07-05,5,293,,moderate,join_token_subset;source_name_Matheus_Cunha,Premier League squad list https://www.premierleague.com/en/news/4676821/updated-premier-league-players-appearing-at-fifa-world-cup-2026-by-nation; FIFA final standings https://www.fifa.com/en/tournaments/mens/worldcup/canadamexicousa2026/articles/final-tournament-standings; FotMob minutes https://www.fotmob.com/leagues/77/stats/season/24254/players/mins_played/world-cup; Premier League finalist notes https://www.premierleague.com/en/news/4679876/which-premier-league-players-will-win-the-2026-world-cup; targeted minute checks: https://www.givemesport.com/england-2026-world-cup-players-ranked-worst-best-football-soccer/ https://www.newsandstar.co.uk/news/26292262.dean-henderson-handed-first-world-cup-appearance-england/ https://last5games.com/players/kobbie-mainoo-37540234/ https://terrikon.com/en/football/players/33283; FPL bootstrap 20260721T171247Z; openfootball cross-check https://raw.githubusercontent.com/openfootball/worldcup.json/master/2026/worldcup.json,2026-07-21T17:21:28Z
516895,,Mainoo,MUN,England,third,2026-07-18,0,0,,none,unused_cited_england_minutes_article,Premier League squad list https://www.premierleague.com/en/news/4676821/updated-premier-league-players-appearing-at-fifa-world-cup-2026-by-nation; FIFA final standings https://www.fifa.com/en/tournaments/mens/worldcup/canadamexicousa2026/articles/final-tournament-standings; FotMob minutes https://www.fotmob.com/leagues/77/stats/season/24254/players/mins_played/world-cup; Premier League finalist notes https://www.premierleague.com/en/news/4679876/which-premier-league-players-will-win-the-2026-world-cup; targeted minute checks: https://www.givemesport.com/england-2026-world-cup-players-ranked-worst-best-football-soccer/ https://www.newsandstar.co.uk/news/26292262.dean-henderson-handed-first-world-cup-appearance-england/ https://last5games.com/players/kobbie-mainoo-37540234/ https://terrikon.com/en/football/players/33283; FPL bootstrap 20260721T171247Z; openfootball cross-check https://raw.githubusercontent.com/openfootball/worldcup.json/master/2026/worldcup.json,2026-07-21T17:21:28Z
176297,,Rashford,MUN,England,third,2026-07-18,4,176,,high,,Premier League squad list https://www.premierleague.com/en/news/4676821/updated-premier-league-players-appearing-at-fifa-world-cup-2026-by-nation; FIFA final standings https://www.fifa.com/en/tournaments/mens/worldcup/canadamexicousa2026/articles/final-tournament-standings; FotMob minutes https://www.fotmob.com/leagues/77/stats/season/24254/players/mins_played/world-cup; Premier League finalist notes https://www.premierleague.com/en/news/4679876/which-premier-league-players-will-win-the-2026-world-cup; targeted minute checks: https://www.givemesport.com/england-2026-world-cup-players-ranked-worst-best-football-soccer/ https://www.newsandstar.co.uk/news/26292262.dean-henderson-handed-first-world-cup-appearance-england/ https://last5games.com/players/kobbie-mainoo-37540234/ https://terrikon.com/en/football/players/33283; FPL bootstrap 20260721T171247Z; openfootball cross-check https://raw.githubusercontent.com/openfootball/worldcup.json/master/2026/worldcup.json,2026-07-21T17:21:28Z
493250,,Amad,MUN,Ivory Coast,r32,2026-06-30,4,184,,moderate,,Premier League squad list https://www.premierleague.com/en/news/4676821/updated-premier-league-players-appearing-at-fifa-world-cup-2026-by-nation; FIFA final standings https://www.fifa.com/en/tournaments/mens/worldcup/canadamexicousa2026/articles/final-tournament-standings; FotMob minutes https://www.fotmob.com/leagues/77/stats/season/24254/players/mins_played/world-cup; Premier League finalist notes https://www.premierleague.com/en/news/4679876/which-premier-league-players-will-win-the-2026-world-cup; targeted minute checks: https://www.givemesport.com/england-2026-world-cup-players-ranked-worst-best-football-soccer/ https://www.newsandstar.co.uk/news/26292262.dean-henderson-handed-first-world-cup-appearance-england/ https://last5games.com/players/kobbie-mainoo-37540234/ https://terrikon.com/en/football/players/33283; FPL bootstrap 20260721T171247Z; openfootball cross-check https://raw.githubusercontent.com/openfootball/worldcup.json/master/2026/worldcup.json,2026-07-21T17:21:28Z
230001,,Mazraoui,MUN,Morocco,qf,2026-07-09,6,477,,extreme,,Premier League squad list https://www.premierleague.com/en/news/4676821/updated-premier-league-players-appearing-at-fifa-world-cup-2026-by-nation; FIFA final standings https://www.fifa.com/en/tournaments/mens/worldcup/canadamexicousa2026/articles/final-tournament-standings; FotMob minutes https://www.fotmob.com/leagues/77/stats/season/24254/players/mins_played/world-cup; Premier League finalist notes https://www.premierleague.com/en/news/4679876/which-premier-league-players-will-win-the-2026-world-cup; targeted minute checks: https://www.givemesport.com/england-2026-world-cup-players-ranked-worst-best-football-soccer/ https://www.newsandstar.co.uk/news/26292262.dean-henderson-handed-first-world-cup-appearance-england/ https://last5games.com/players/kobbie-mainoo-37540234/ https://terrikon.com/en/football/players/33283; FPL bootstrap 20260721T171247Z; openfootball cross-check https://raw.githubusercontent.com/openfootball/worldcup.json/master/2026/worldcup.json,2026-07-21T17:21:28Z
141746,,B.Fernandes,MUN,Portugal,r16,2026-07-06,5,423,,moderate,join_token_subset;source_name_Bruno_Fernandes,Premier League squad list https://www.premierleague.com/en/news/4676821/updated-premier-league-players-appearing-at-fifa-world-cup-2026-by-nation; FIFA final standings https://www.fifa.com/en/tournaments/mens/worldcup/canadamexicousa2026/articles/final-tournament-standings; FotMob minutes https://www.fotmob.com/leagues/77/stats/season/24254/players/mins_played/world-cup; Premier League finalist notes https://www.premierleague.com/en/news/4679876/which-premier-league-players-will-win-the-2026-world-cup; targeted minute checks: https://www.givemesport.com/england-2026-world-cup-players-ranked-worst-best-football-soccer/ https://www.newsandstar.co.uk/news/26292262.dean-henderson-handed-first-world-cup-appearance-england/ https://last5games.com/players/kobbie-mainoo-37540234/ https://terrikon.com/en/football/players/33283; FPL bootstrap 20260721T171247Z; openfootball cross-check https://raw.githubusercontent.com/openfootball/worldcup.json/master/2026/worldcup.json,2026-07-21T17:21:28Z
216051,,Dalot,MUN,Portugal,r16,2026-07-06,2,64,,moderate,join_token_subset;source_name_Diogo_Dalot,Premier League squad list https://www.premierleague.com/en/news/4676821/updated-premier-league-players-appearing-at-fifa-world-cup-2026-by-nation; FIFA final standings https://www.fifa.com/en/tournaments/mens/worldcup/canadamexicousa2026/articles/final-tournament-standings; FotMob minutes https://www.fotmob.com/leagues/77/stats/season/24254/players/mins_played/world-cup; Premier League finalist notes https://www.premierleague.com/en/news/4679876/which-premier-league-players-will-win-the-2026-world-cup; targeted minute checks: https://www.givemesport.com/england-2026-world-cup-players-ranked-worst-best-football-soccer/ https://www.newsandstar.co.uk/news/26292262.dean-henderson-handed-first-world-cup-appearance-england/ https://last5games.com/players/kobbie-mainoo-37540234/ https://terrikon.com/en/football/players/33283; FPL bootstrap 20260721T171247Z; openfootball cross-check https://raw.githubusercontent.com/openfootball/worldcup.json/master/2026/worldcup.json,2026-07-21T17:21:28Z
519913,,Fletcher,MUN,Scotland,group,2026-06-24,,,,moderate,minutes_unconfirmed,Premier League squad list https://www.premierleague.com/en/news/4676821/updated-premier-league-players-appearing-at-fifa-world-cup-2026-by-nation; FIFA final standings https://www.fifa.com/en/tournaments/mens/worldcup/canadamexicousa2026/articles/final-tournament-standings; FotMob minutes https://www.fotmob.com/leagues/77/stats/season/24254/players/mins_played/world-cup; Premier League finalist notes https://www.premierleague.com/en/news/4679876/which-premier-league-players-will-win-the-2026-world-cup; targeted minute checks: https://www.givemesport.com/england-2026-world-cup-players-ranked-worst-best-football-soccer/ https://www.newsandstar.co.uk/news/26292262.dean-henderson-handed-first-world-cup-appearance-england/ https://last5games.com/players/kobbie-mainoo-37540234/ https://terrikon.com/en/football/players/33283; FPL bootstrap 20260721T171247Z; openfootball cross-check https://raw.githubusercontent.com/openfootball/worldcup.json/master/2026/worldcup.json,2026-07-21T17:21:28Z
451302,,Bayindir,MUN,Turkey,group,2026-06-25,,,,moderate,minutes_unconfirmed,Premier League squad list https://www.premierleague.com/en/news/4676821/updated-premier-league-players-appearing-at-fifa-world-cup-2026-by-nation; FIFA final standings https://www.fifa.com/en/tournaments/mens/worldcup/canadamexicousa2026/articles/final-tournament-standings; FotMob minutes https://www.fotmob.com/leagues/77/stats/season/24254/players/mins_played/world-cup; Premier League finalist notes https://www.premierleague.com/en/news/4679876/which-premier-league-players-will-win-the-2026-world-cup; targeted minute checks: https://www.givemesport.com/england-2026-world-cup-players-ranked-worst-best-football-soccer/ https://www.newsandstar.co.uk/news/26292262.dean-henderson-handed-first-world-cup-appearance-england/ https://last5games.com/players/kobbie-mainoo-37540234/ https://terrikon.com/en/football/players/33283; FPL bootstrap 20260721T171247Z; openfootball cross-check https://raw.githubusercontent.com/openfootball/worldcup.json/master/2026/worldcup.json,2026-07-21T17:21:28Z
232112,,Ugarte,MUN,Uruguay,group,2026-06-26,3,186,,moderate,join_token_subset;source_name_Manuel_Ugarte,Premier League squad list https://www.premierleague.com/en/news/4676821/updated-premier-league-players-appearing-at-fifa-world-cup-2026-by-nation; FIFA final standings https://www.fifa.com/en/tournaments/mens/worldcup/canadamexicousa2026/articles/final-tournament-standings; FotMob minutes https://www.fotmob.com/leagues/77/stats/season/24254/players/mins_played/world-cup; Premier League finalist notes https://www.premierleague.com/en/news/4679876/which-premier-league-players-will-win-the-2026-world-cup; targeted minute checks: https://www.givemesport.com/england-2026-world-cup-players-ranked-worst-best-football-soccer/ https://www.newsandstar.co.uk/news/26292262.dean-henderson-handed-first-world-cup-appearance-england/ https://last5games.com/players/kobbie-mainoo-37540234/ https://terrikon.com/en/football/players/33283; FPL bootstrap 20260721T171247Z; openfootball cross-check https://raw.githubusercontent.com/openfootball/worldcup.json/master/2026/worldcup.json,2026-07-21T17:21:28Z
208706,,Bruno G.,NEW,Brazil,r16,2026-07-05,5,419,,moderate,join_token_subset;source_name_Bruno_Guimaraes,Premier League squad list https://www.premierleague.com/en/news/4676821/updated-premier-league-players-appearing-at-fifa-world-cup-2026-by-nation; FIFA final standings https://www.fifa.com/en/tournaments/mens/worldcup/canadamexicousa2026/articles/final-tournament-standings; FotMob minutes https://www.fotmob.com/leagues/77/stats/season/24254/players/mins_played/world-cup; Premier League finalist notes https://www.premierleague.com/en/news/4679876/which-premier-league-players-will-win-the-2026-world-cup; targeted minute checks: https://www.givemesport.com/england-2026-world-cup-players-ranked-worst-best-football-soccer/ https://www.newsandstar.co.uk/news/26292262.dean-henderson-handed-first-world-cup-appearance-england/ https://last5games.com/players/kobbie-mainoo-37540234/ https://terrikon.com/en/football/players/33283; FPL bootstrap 20260721T171247Z; openfootball cross-check https://raw.githubusercontent.com/openfootball/worldcup.json/master/2026/worldcup.json,2026-07-21T17:21:28Z
216646,,Wissa,NEW,DR Congo,r32,2026-07-01,4,360,,moderate,,Premier League squad list https://www.premierleague.com/en/news/4676821/updated-premier-league-players-appearing-at-fifa-world-cup-2026-by-nation; FIFA final standings https://www.fifa.com/en/tournaments/mens/worldcup/canadamexicousa2026/articles/final-tournament-standings; FotMob minutes https://www.fotmob.com/leagues/77/stats/season/24254/players/mins_played/world-cup; Premier League finalist notes https://www.premierleague.com/en/news/4679876/which-premier-league-players-will-win-the-2026-world-cup; targeted minute checks: https://www.givemesport.com/england-2026-world-cup-players-ranked-worst-best-football-soccer/ https://www.newsandstar.co.uk/news/26292262.dean-henderson-handed-first-world-cup-appearance-england/ https://last5games.com/players/kobbie-mainoo-37540234/ https://terrikon.com/en/football/players/33283; FPL bootstrap 20260721T171247Z; openfootball cross-check https://raw.githubusercontent.com/openfootball/worldcup.json/master/2026/worldcup.json,2026-07-21T17:21:28Z
78916,,Burn,NEW,England,third,2026-07-18,,,,extreme,minutes_unconfirmed,Premier League squad list https://www.premierleague.com/en/news/4676821/updated-premier-league-players-appearing-at-fifa-world-cup-2026-by-nation; FIFA final standings https://www.fifa.com/en/tournaments/mens/worldcup/canadamexicousa2026/articles/final-tournament-standings; FotMob minutes https://www.fotmob.com/leagues/77/stats/season/24254/players/mins_played/world-cup; Premier League finalist notes https://www.premierleague.com/en/news/4679876/which-premier-league-players-will-win-the-2026-world-cup; targeted minute checks: https://www.givemesport.com/england-2026-world-cup-players-ranked-worst-best-football-soccer/ https://www.newsandstar.co.uk/news/26292262.dean-henderson-handed-first-world-cup-appearance-england/ https://last5games.com/players/kobbie-mainoo-37540234/ https://terrikon.com/en/football/players/33283; FPL bootstrap 20260721T171247Z; openfootball cross-check https://raw.githubusercontent.com/openfootball/worldcup.json/master/2026/worldcup.json,2026-07-21T17:21:28Z
232826,,Gordon,NEW,England,third,2026-07-18,5,327,,high,,Premier League squad list https://www.premierleague.com/en/news/4676821/updated-premier-league-players-appearing-at-fifa-world-cup-2026-by-nation; FIFA final standings https://www.fifa.com/en/tournaments/mens/worldcup/canadamexicousa2026/articles/final-tournament-standings; FotMob minutes https://www.fotmob.com/leagues/77/stats/season/24254/players/mins_played/world-cup; Premier League finalist notes https://www.premierleague.com/en/news/4679876/which-premier-league-players-will-win-the-2026-world-cup; targeted minute checks: https://www.givemesport.com/england-2026-world-cup-players-ranked-worst-best-football-soccer/ https://www.newsandstar.co.uk/news/26292262.dean-henderson-handed-first-world-cup-appearance-england/ https://last5games.com/players/kobbie-mainoo-37540234/ https://terrikon.com/en/football/players/33283; FPL bootstrap 20260721T171247Z; openfootball cross-check https://raw.githubusercontent.com/openfootball/worldcup.json/master/2026/worldcup.json,2026-07-21T17:21:28Z
465642,,Thiaw,NEW,Germany,r32,2026-06-29,2,40,,none,,Premier League squad list https://www.premierleague.com/en/news/4676821/updated-premier-league-players-appearing-at-fifa-world-cup-2026-by-nation; FIFA final standings https://www.fifa.com/en/tournaments/mens/worldcup/canadamexicousa2026/articles/final-tournament-standings; FotMob minutes https://www.fotmob.com/leagues/77/stats/season/24254/players/mins_played/world-cup; Premier League finalist notes https://www.premierleague.com/en/news/4679876/which-premier-league-players-will-win-the-2026-world-cup; targeted minute checks: https://www.givemesport.com/england-2026-world-cup-players-ranked-worst-best-football-soccer/ https://www.newsandstar.co.uk/news/26292262.dean-henderson-handed-first-world-cup-appearance-england/ https://last5games.com/players/kobbie-mainoo-37540234/ https://terrikon.com/en/football/players/33283; FPL bootstrap 20260721T171247Z; openfootball cross-check https://raw.githubusercontent.com/openfootball/worldcup.json/master/2026/worldcup.json,2026-07-21T17:21:28Z
470313,,Woltemade,NEW,Germany,r32,2026-06-29,1,32,,none,,Premier League squad list https://www.premierleague.com/en/news/4676821/updated-premier-league-players-appearing-at-fifa-world-cup-2026-by-nation; FIFA final standings https://www.fifa.com/en/tournaments/mens/worldcup/canadamexicousa2026/articles/final-tournament-standings; FotMob minutes https://www.fotmob.com/leagues/77/stats/season/24254/players/mins_played/world-cup; Premier League finalist notes https://www.premierleague.com/en/news/4679876/which-premier-league-players-will-win-the-2026-world-cup; targeted minute checks: https://www.givemesport.com/england-2026-world-cup-players-ranked-worst-best-football-soccer/ https://www.newsandstar.co.uk/news/26292262.dean-henderson-handed-first-world-cup-appearance-england/ https://last5games.com/players/kobbie-mainoo-37540234/ https://terrikon.com/en/football/players/33283; FPL bootstrap 20260721T171247Z; openfootball cross-check https://raw.githubusercontent.com/openfootball/worldcup.json/master/2026/worldcup.json,2026-07-21T17:21:28Z
449434,,Elanga,NEW,Sweden,r32,2026-06-30,4,216,,moderate,,Premier League squad list https://www.premierleague.com/en/news/4676821/updated-premier-league-players-appearing-at-fifa-world-cup-2026-by-nation; FIFA final standings https://www.fifa.com/en/tournaments/mens/worldcup/canadamexicousa2026/articles/final-tournament-standings; FotMob minutes https://www.fotmob.com/leagues/77/stats/season/24254/players/mins_played/world-cup; Premier League finalist notes https://www.premierleague.com/en/news/4679876/which-premier-league-players-will-win-the-2026-world-cup; targeted minute checks: https://www.givemesport.com/england-2026-world-cup-players-ranked-worst-best-football-soccer/ https://www.newsandstar.co.uk/news/26292262.dean-henderson-handed-first-world-cup-appearance-england/ https://last5games.com/players/kobbie-mainoo-37540234/ https://terrikon.com/en/football/players/33283; FPL bootstrap 20260721T171247Z; openfootball cross-check https://raw.githubusercontent.com/openfootball/worldcup.json/master/2026/worldcup.json,2026-07-21T17:21:28Z
215379,,Anderson,NFO,England,third,2026-07-18,6,533,,extreme,,Premier League squad list https://www.premierleague.com/en/news/4676821/updated-premier-league-players-appearing-at-fifa-world-cup-2026-by-nation; FIFA final standings https://www.fifa.com/en/tournaments/mens/worldcup/canadamexicousa2026/articles/final-tournament-standings; FotMob minutes https://www.fotmob.com/leagues/77/stats/season/24254/players/mins_played/world-cup; Premier League finalist notes https://www.premierleague.com/en/news/4679876/which-premier-league-players-will-win-the-2026-world-cup; targeted minute checks: https://www.givemesport.com/england-2026-world-cup-players-ranked-worst-best-football-soccer/ https://www.newsandstar.co.uk/news/26292262.dean-henderson-handed-first-world-cup-appearance-england/ https://last5games.com/players/kobbie-mainoo-37540234/ https://terrikon.com/en/football/players/33283; FPL bootstrap 20260721T171247Z; openfootball cross-check https://raw.githubusercontent.com/openfootball/worldcup.json/master/2026/worldcup.json,2026-07-21T17:21:28Z
210462,,Sangaré,NFO,Ivory Coast,r32,2026-06-30,4,268,,moderate,,Premier League squad list https://www.premierleague.com/en/news/4676821/updated-premier-league-players-appearing-at-fifa-world-cup-2026-by-nation; FIFA final standings https://www.fifa.com/en/tournaments/mens/worldcup/canadamexicousa2026/articles/final-tournament-standings; FotMob minutes https://www.fotmob.com/leagues/77/stats/season/24254/players/mins_played/world-cup; Premier League finalist notes https://www.premierleague.com/en/news/4679876/which-premier-league-players-will-win-the-2026-world-cup; targeted minute checks: https://www.givemesport.com/england-2026-world-cup-players-ranked-worst-best-football-soccer/ https://www.newsandstar.co.uk/news/26292262.dean-henderson-handed-first-world-cup-appearance-england/ https://last5games.com/players/kobbie-mainoo-37540234/ https://terrikon.com/en/football/players/33283; FPL bootstrap 20260721T171247Z; openfootball cross-check https://raw.githubusercontent.com/openfootball/worldcup.json/master/2026/worldcup.json,2026-07-21T17:21:28Z
,,Tyler Bindon,NFO,New Zealand,group,2026-06-26,3,96,,moderate,join_missing,Premier League squad list https://www.premierleague.com/en/news/4676821/updated-premier-league-players-appearing-at-fifa-world-cup-2026-by-nation; FIFA final standings https://www.fifa.com/en/tournaments/mens/worldcup/canadamexicousa2026/articles/final-tournament-standings; FotMob minutes https://www.fotmob.com/leagues/77/stats/season/24254/players/mins_played/world-cup; Premier League finalist notes https://www.premierleague.com/en/news/4679876/which-premier-league-players-will-win-the-2026-world-cup; targeted minute checks: https://www.givemesport.com/england-2026-world-cup-players-ranked-worst-best-football-soccer/ https://www.newsandstar.co.uk/news/26292262.dean-henderson-handed-first-world-cup-appearance-england/ https://last5games.com/players/kobbie-mainoo-37540234/ https://terrikon.com/en/football/players/33283; FPL bootstrap 20260721T171247Z; openfootball cross-check https://raw.githubusercontent.com/openfootball/worldcup.json/master/2026/worldcup.json,2026-07-21T17:21:28Z
60689,,Wood,NFO,New Zealand,group,2026-06-26,3,270,,moderate,,Premier League squad list https://www.premierleague.com/en/news/4676821/updated-premier-league-players-appearing-at-fifa-world-cup-2026-by-nation; FIFA final standings https://www.fifa.com/en/tournaments/mens/worldcup/canadamexicousa2026/articles/final-tournament-standings; FotMob minutes https://www.fotmob.com/leagues/77/stats/season/24254/players/mins_played/world-cup; Premier League finalist notes https://www.premierleague.com/en/news/4679876/which-premier-league-players-will-win-the-2026-world-cup; targeted minute checks: https://www.givemesport.com/england-2026-world-cup-players-ranked-worst-best-football-soccer/ https://www.newsandstar.co.uk/news/26292262.dean-henderson-handed-first-world-cup-appearance-england/ https://last5games.com/players/kobbie-mainoo-37540234/ https://terrikon.com/en/football/players/33283; FPL bootstrap 20260721T171247Z; openfootball cross-check https://raw.githubusercontent.com/openfootball/worldcup.json/master/2026/worldcup.json,2026-07-21T17:21:28Z
107265,,Gunn,NFO,Scotland,group,2026-06-24,3,270,,moderate,,Premier League squad list https://www.premierleague.com/en/news/4676821/updated-premier-league-players-appearing-at-fifa-world-cup-2026-by-nation; FIFA final standings https://www.fifa.com/en/tournaments/mens/worldcup/canadamexicousa2026/articles/final-tournament-standings; FotMob minutes https://www.fotmob.com/leagues/77/stats/season/24254/players/mins_played/world-cup; Premier League finalist notes https://www.premierleague.com/en/news/4679876/which-premier-league-players-will-win-the-2026-world-cup; targeted minute checks: https://www.givemesport.com/england-2026-world-cup-players-ranked-worst-best-football-soccer/ https://www.newsandstar.co.uk/news/26292262.dean-henderson-handed-first-world-cup-appearance-england/ https://last5games.com/players/kobbie-mainoo-37540234/ https://terrikon.com/en/football/players/33283; FPL bootstrap 20260721T171247Z; openfootball cross-check https://raw.githubusercontent.com/openfootball/worldcup.json/master/2026/worldcup.json,2026-07-21T17:21:28Z
456512,,Ndoye,NFO,Switzerland,qf,2026-07-11,6,408,,moderate,,Premier League squad list https://www.premierleague.com/en/news/4676821/updated-premier-league-players-appearing-at-fifa-world-cup-2026-by-nation; FIFA final standings https://www.fifa.com/en/tournaments/mens/worldcup/canadamexicousa2026/articles/final-tournament-standings; FotMob minutes https://www.fotmob.com/leagues/77/stats/season/24254/players/mins_played/world-cup; Premier League finalist notes https://www.premierleague.com/en/news/4679876/which-premier-league-players-will-win-the-2026-world-cup; targeted minute checks: https://www.givemesport.com/england-2026-world-cup-players-ranked-worst-best-football-soccer/ https://www.newsandstar.co.uk/news/26292262.dean-henderson-handed-first-world-cup-appearance-england/ https://last5games.com/players/kobbie-mainoo-37540234/ https://terrikon.com/en/football/players/33283; FPL bootstrap 20260721T171247Z; openfootball cross-check https://raw.githubusercontent.com/openfootball/worldcup.json/master/2026/worldcup.json,2026-07-21T17:21:28Z
105717,,Masuaku,SUN,DR Congo,r32,2026-07-01,4,318,,moderate,,Premier League squad list https://www.premierleague.com/en/news/4676821/updated-premier-league-players-appearing-at-fifa-world-cup-2026-by-nation; FIFA final standings https://www.fifa.com/en/tournaments/mens/worldcup/canadamexicousa2026/articles/final-tournament-standings; FotMob minutes https://www.fotmob.com/leagues/77/stats/season/24254/players/mins_played/world-cup; Premier League finalist notes https://www.premierleague.com/en/news/4679876/which-premier-league-players-will-win-the-2026-world-cup; targeted minute checks: https://www.givemesport.com/england-2026-world-cup-players-ranked-worst-best-football-soccer/ https://www.newsandstar.co.uk/news/26292262.dean-henderson-handed-first-world-cup-appearance-england/ https://last5games.com/players/kobbie-mainoo-37540234/ https://terrikon.com/en/football/players/33283; FPL bootstrap 20260721T171247Z; openfootball cross-check https://raw.githubusercontent.com/openfootball/worldcup.json/master/2026/worldcup.json,2026-07-21T17:21:28Z
577669,,Sadiki,SUN,DR Congo,r32,2026-07-01,4,258,,moderate,,Premier League squad list https://www.premierleague.com/en/news/4676821/updated-premier-league-players-appearing-at-fifa-world-cup-2026-by-nation; FIFA final standings https://www.fifa.com/en/tournaments/mens/worldcup/canadamexicousa2026/articles/final-tournament-standings; FotMob minutes https://www.fotmob.com/leagues/77/stats/season/24254/players/mins_played/world-cup; Premier League finalist notes https://www.premierleague.com/en/news/4679876/which-premier-league-players-will-win-the-2026-world-cup; targeted minute checks: https://www.givemesport.com/england-2026-world-cup-players-ranked-worst-best-football-soccer/ https://www.newsandstar.co.uk/news/26292262.dean-henderson-handed-first-world-cup-appearance-england/ https://last5games.com/players/kobbie-mainoo-37540234/ https://terrikon.com/en/football/players/33283; FPL bootstrap 20260721T171247Z; openfootball cross-check https://raw.githubusercontent.com/openfootball/worldcup.json/master/2026/worldcup.json,2026-07-21T17:21:28Z
536661,,Angulo,SUN,Ecuador,r32,2026-06-30,4,218,,moderate,,Premier League squad list https://www.premierleague.com/en/news/4676821/updated-premier-league-players-appearing-at-fifa-world-cup-2026-by-nation; FIFA final standings https://www.fifa.com/en/tournaments/mens/worldcup/canadamexicousa2026/articles/final-tournament-standings; FotMob minutes https://www.fotmob.com/leagues/77/stats/season/24254/players/mins_played/world-cup; Premier League finalist notes https://www.premierleague.com/en/news/4679876/which-premier-league-players-will-win-the-2026-world-cup; targeted minute checks: https://www.givemesport.com/england-2026-world-cup-players-ranked-worst-best-football-soccer/ https://www.newsandstar.co.uk/news/26292262.dean-henderson-handed-first-world-cup-appearance-england/ https://last5games.com/players/kobbie-mainoo-37540234/ https://terrikon.com/en/football/players/33283; FPL bootstrap 20260721T171247Z; openfootball cross-check https://raw.githubusercontent.com/openfootball/worldcup.json/master/2026/worldcup.json,2026-07-21T17:21:28Z
437505,,Isidor,SUN,Haiti,group,2026-06-24,3,188,,moderate,,Premier League squad list https://www.premierleague.com/en/news/4676821/updated-premier-league-players-appearing-at-fifa-world-cup-2026-by-nation; FIFA final standings https://www.fifa.com/en/tournaments/mens/worldcup/canadamexicousa2026/articles/final-tournament-standings; FotMob minutes https://www.fotmob.com/leagues/77/stats/season/24254/players/mins_played/world-cup; Premier League finalist notes https://www.premierleague.com/en/news/4679876/which-premier-league-players-will-win-the-2026-world-cup; targeted minute checks: https://www.givemesport.com/england-2026-world-cup-players-ranked-worst-best-football-soccer/ https://www.newsandstar.co.uk/news/26292262.dean-henderson-handed-first-world-cup-appearance-england/ https://last5games.com/players/kobbie-mainoo-37540234/ https://terrikon.com/en/football/players/33283; FPL bootstrap 20260721T171247Z; openfootball cross-check https://raw.githubusercontent.com/openfootball/worldcup.json/master/2026/worldcup.json,2026-07-21T17:21:28Z
535818,,Adingra,SUN,Ivory Coast,r32,2026-06-30,1,15,,none,,Premier League squad list https://www.premierleague.com/en/news/4676821/updated-premier-league-players-appearing-at-fifa-world-cup-2026-by-nation; FIFA final standings https://www.fifa.com/en/tournaments/mens/worldcup/canadamexicousa2026/articles/final-tournament-standings; FotMob minutes https://www.fotmob.com/leagues/77/stats/season/24254/players/mins_played/world-cup; Premier League finalist notes https://www.premierleague.com/en/news/4679876/which-premier-league-players-will-win-the-2026-world-cup; targeted minute checks: https://www.givemesport.com/england-2026-world-cup-players-ranked-worst-best-football-soccer/ https://www.newsandstar.co.uk/news/26292262.dean-henderson-handed-first-world-cup-appearance-england/ https://last5games.com/players/kobbie-mainoo-37540234/ https://terrikon.com/en/football/players/33283; FPL bootstrap 20260721T171247Z; openfootball cross-check https://raw.githubusercontent.com/openfootball/worldcup.json/master/2026/worldcup.json,2026-07-21T17:21:28Z
549912,,Talbi,SUN,Morocco,qf,2026-07-09,5,176,,moderate,,Premier League squad list https://www.premierleague.com/en/news/4676821/updated-premier-league-players-appearing-at-fifa-world-cup-2026-by-nation; FIFA final standings https://www.fifa.com/en/tournaments/mens/worldcup/canadamexicousa2026/articles/final-tournament-standings; FotMob minutes https://www.fotmob.com/leagues/77/stats/season/24254/players/mins_played/world-cup; Premier League finalist notes https://www.premierleague.com/en/news/4679876/which-premier-league-players-will-win-the-2026-world-cup; targeted minute checks: https://www.givemesport.com/england-2026-world-cup-players-ranked-worst-best-football-soccer/ https://www.newsandstar.co.uk/news/26292262.dean-henderson-handed-first-world-cup-appearance-england/ https://last5games.com/players/kobbie-mainoo-37540234/ https://terrikon.com/en/football/players/33283; FPL bootstrap 20260721T171247Z; openfootball cross-check https://raw.githubusercontent.com/openfootball/worldcup.json/master/2026/worldcup.json,2026-07-21T17:21:28Z
441264,,Brobbey,SUN,Netherlands,r32,2026-06-29,4,225,,moderate,,Premier League squad list https://www.premierleague.com/en/news/4676821/updated-premier-league-players-appearing-at-fifa-world-cup-2026-by-nation; FIFA final standings https://www.fifa.com/en/tournaments/mens/worldcup/canadamexicousa2026/articles/final-tournament-standings; FotMob minutes https://www.fotmob.com/leagues/77/stats/season/24254/players/mins_played/world-cup; Premier League finalist notes https://www.premierleague.com/en/news/4679876/which-premier-league-players-will-win-the-2026-world-cup; targeted minute checks: https://www.givemesport.com/england-2026-world-cup-players-ranked-worst-best-football-soccer/ https://www.newsandstar.co.uk/news/26292262.dean-henderson-handed-first-world-cup-appearance-england/ https://last5games.com/players/kobbie-mainoo-37540234/ https://terrikon.com/en/football/players/33283; FPL bootstrap 20260721T171247Z; openfootball cross-check https://raw.githubusercontent.com/openfootball/worldcup.json/master/2026/worldcup.json,2026-07-21T17:21:28Z
247955,,Geertruida,SUN,Netherlands,r32,2026-06-29,,,,moderate,minutes_unconfirmed,Premier League squad list https://www.premierleague.com/en/news/4676821/updated-premier-league-players-appearing-at-fifa-world-cup-2026-by-nation; FIFA final standings https://www.fifa.com/en/tournaments/mens/worldcup/canadamexicousa2026/articles/final-tournament-standings; FotMob minutes https://www.fotmob.com/leagues/77/stats/season/24254/players/mins_played/world-cup; Premier League finalist notes https://www.premierleague.com/en/news/4679876/which-premier-league-players-will-win-the-2026-world-cup; targeted minute checks: https://www.givemesport.com/england-2026-world-cup-players-ranked-worst-best-football-soccer/ https://www.newsandstar.co.uk/news/26292262.dean-henderson-handed-first-world-cup-appearance-england/ https://last5games.com/players/kobbie-mainoo-37540234/ https://terrikon.com/en/football/players/33283; FPL bootstrap 20260721T171247Z; openfootball cross-check https://raw.githubusercontent.com/openfootball/worldcup.json/master/2026/worldcup.json,2026-07-21T17:21:28Z
498016,,Roefs,SUN,Netherlands,r32,2026-06-29,,,,moderate,minutes_unconfirmed,Premier League squad list https://www.premierleague.com/en/news/4676821/updated-premier-league-players-appearing-at-fifa-world-cup-2026-by-nation; FIFA final standings https://www.fifa.com/en/tournaments/mens/worldcup/canadamexicousa2026/articles/final-tournament-standings; FotMob minutes https://www.fotmob.com/leagues/77/stats/season/24254/players/mins_played/world-cup; Premier League finalist notes https://www.premierleague.com/en/news/4679876/which-premier-league-players-will-win-the-2026-world-cup; targeted minute checks: https://www.givemesport.com/england-2026-world-cup-players-ranked-worst-best-football-soccer/ https://www.newsandstar.co.uk/news/26292262.dean-henderson-handed-first-world-cup-appearance-england/ https://last5games.com/players/kobbie-mainoo-37540234/ https://terrikon.com/en/football/players/33283; FPL bootstrap 20260721T171247Z; openfootball cross-check https://raw.githubusercontent.com/openfootball/worldcup.json/master/2026/worldcup.json,2026-07-21T17:21:28Z
201895,,Alderete,SUN,Paraguay,r16,2026-07-04,4,322,,moderate,,Premier League squad list https://www.premierleague.com/en/news/4676821/updated-premier-league-players-appearing-at-fifa-world-cup-2026-by-nation; FIFA final standings https://www.fifa.com/en/tournaments/mens/worldcup/canadamexicousa2026/articles/final-tournament-standings; FotMob minutes https://www.fotmob.com/leagues/77/stats/season/24254/players/mins_played/world-cup; Premier League finalist notes https://www.premierleague.com/en/news/4679876/which-premier-league-players-will-win-the-2026-world-cup; targeted minute checks: https://www.givemesport.com/england-2026-world-cup-players-ranked-worst-best-football-soccer/ https://www.newsandstar.co.uk/news/26292262.dean-henderson-handed-first-world-cup-appearance-england/ https://last5games.com/players/kobbie-mainoo-37540234/ https://terrikon.com/en/football/players/33283; FPL bootstrap 20260721T171247Z; openfootball cross-check https://raw.githubusercontent.com/openfootball/worldcup.json/master/2026/worldcup.json,2026-07-21T17:21:28Z
547027,,Diarra,SUN,Senegal,r32,2026-07-01,3,144,,moderate,,Premier League squad list https://www.premierleague.com/en/news/4676821/updated-premier-league-players-appearing-at-fifa-world-cup-2026-by-nation; FIFA final standings https://www.fifa.com/en/tournaments/mens/worldcup/canadamexicousa2026/articles/final-tournament-standings; FotMob minutes https://www.fotmob.com/leagues/77/stats/season/24254/players/mins_played/world-cup; Premier League finalist notes https://www.premierleague.com/en/news/4679876/which-premier-league-players-will-win-the-2026-world-cup; targeted minute checks: https://www.givemesport.com/england-2026-world-cup-players-ranked-worst-best-football-soccer/ https://www.newsandstar.co.uk/news/26292262.dean-henderson-handed-first-world-cup-appearance-england/ https://last5games.com/players/kobbie-mainoo-37540234/ https://terrikon.com/en/football/players/33283; FPL bootstrap 20260721T171247Z; openfootball cross-check https://raw.githubusercontent.com/openfootball/worldcup.json/master/2026/worldcup.json,2026-07-21T17:21:28Z
84450,,Xhaka,SUN,Switzerland,qf,2026-07-11,6,600,,extreme,,Premier League squad list https://www.premierleague.com/en/news/4676821/updated-premier-league-players-appearing-at-fifa-world-cup-2026-by-nation; FIFA final standings https://www.fifa.com/en/tournaments/mens/worldcup/canadamexicousa2026/articles/final-tournament-standings; FotMob minutes https://www.fotmob.com/leagues/77/stats/season/24254/players/mins_played/world-cup; Premier League finalist notes https://www.premierleague.com/en/news/4679876/which-premier-league-players-will-win-the-2026-world-cup; targeted minute checks: https://www.givemesport.com/england-2026-world-cup-players-ranked-worst-best-football-soccer/ https://www.newsandstar.co.uk/news/26292262.dean-henderson-handed-first-world-cup-appearance-england/ https://last5games.com/players/kobbie-mainoo-37540234/ https://terrikon.com/en/football/players/33283; FPL bootstrap 20260721T171247Z; openfootball cross-check https://raw.githubusercontent.com/openfootball/worldcup.json/master/2026/worldcup.json,2026-07-21T17:21:28Z
221632,,Romero,TOT,Argentina,final,2026-07-19,5,451,,extreme,,Premier League squad list https://www.premierleague.com/en/news/4676821/updated-premier-league-players-appearing-at-fifa-world-cup-2026-by-nation; FIFA final standings https://www.fifa.com/en/tournaments/mens/worldcup/canadamexicousa2026/articles/final-tournament-standings; FotMob minutes https://www.fotmob.com/leagues/77/stats/season/24254/players/mins_played/world-cup; Premier League finalist notes https://www.premierleague.com/en/news/4679876/which-premier-league-players-will-win-the-2026-world-cup; targeted minute checks: https://www.givemesport.com/england-2026-world-cup-players-ranked-worst-best-football-soccer/ https://www.newsandstar.co.uk/news/26292262.dean-henderson-handed-first-world-cup-appearance-england/ https://last5games.com/players/kobbie-mainoo-37540234/ https://terrikon.com/en/football/players/33283; FPL bootstrap 20260721T171247Z; openfootball cross-check https://raw.githubusercontent.com/openfootball/worldcup.json/master/2026/worldcup.json,2026-07-21T17:21:28Z
135720,,Danso,TOT,Austria,r32,2026-07-02,4,239,,moderate,,Premier League squad list https://www.premierleague.com/en/news/4676821/updated-premier-league-players-appearing-at-fifa-world-cup-2026-by-nation; FIFA final standings https://www.fifa.com/en/tournaments/mens/worldcup/canadamexicousa2026/articles/final-tournament-standings; FotMob minutes https://www.fotmob.com/leagues/77/stats/season/24254/players/mins_played/world-cup; Premier League finalist notes https://www.premierleague.com/en/news/4679876/which-premier-league-players-will-win-the-2026-world-cup; targeted minute checks: https://www.givemesport.com/england-2026-world-cup-players-ranked-worst-best-football-soccer/ https://www.newsandstar.co.uk/news/26292262.dean-henderson-handed-first-world-cup-appearance-england/ https://last5games.com/players/kobbie-mainoo-37540234/ https://terrikon.com/en/football/players/33283; FPL bootstrap 20260721T171247Z; openfootball cross-check https://raw.githubusercontent.com/openfootball/worldcup.json/master/2026/worldcup.json,2026-07-21T17:21:28Z
610799,,Vuskovic,TOT,Croatia,r32,2026-07-02,1,66,,none,,Premier League squad list https://www.premierleague.com/en/news/4676821/updated-premier-league-players-appearing-at-fifa-world-cup-2026-by-nation; FIFA final standings https://www.fifa.com/en/tournaments/mens/worldcup/canadamexicousa2026/articles/final-tournament-standings; FotMob minutes https://www.fotmob.com/leagues/77/stats/season/24254/players/mins_played/world-cup; Premier League finalist notes https://www.premierleague.com/en/news/4679876/which-premier-league-players-will-win-the-2026-world-cup; targeted minute checks: https://www.givemesport.com/england-2026-world-cup-players-ranked-worst-best-football-soccer/ https://www.newsandstar.co.uk/news/26292262.dean-henderson-handed-first-world-cup-appearance-england/ https://last5games.com/players/kobbie-mainoo-37540234/ https://terrikon.com/en/football/players/33283; FPL bootstrap 20260721T171247Z; openfootball cross-check https://raw.githubusercontent.com/openfootball/worldcup.json/master/2026/worldcup.json,2026-07-21T17:21:28Z
232859,,Spence,TOT,England,third,2026-07-18,6,223,,high,,Premier League squad list https://www.premierleague.com/en/news/4676821/updated-premier-league-players-appearing-at-fifa-world-cup-2026-by-nation; FIFA final standings https://www.fifa.com/en/tournaments/mens/worldcup/canadamexicousa2026/articles/final-tournament-standings; FotMob minutes https://www.fotmob.com/leagues/77/stats/season/24254/players/mins_played/world-cup; Premier League finalist notes https://www.premierleague.com/en/news/4679876/which-premier-league-players-will-win-the-2026-world-cup; targeted minute checks: https://www.givemesport.com/england-2026-world-cup-players-ranked-worst-best-football-soccer/ https://www.newsandstar.co.uk/news/26292262.dean-henderson-handed-first-world-cup-appearance-england/ https://last5games.com/players/kobbie-mainoo-37540234/ https://terrikon.com/en/football/players/33283; FPL bootstrap 20260721T171247Z; openfootball cross-check https://raw.githubusercontent.com/openfootball/worldcup.json/master/2026/worldcup.json,2026-07-21T17:21:28Z
491279,,Van de Ven,TOT,Netherlands,r32,2026-06-29,3,266,,moderate,,Premier League squad list https://www.premierleague.com/en/news/4676821/updated-premier-league-players-appearing-at-fifa-world-cup-2026-by-nation; FIFA final standings https://www.fifa.com/en/tournaments/mens/worldcup/canadamexicousa2026/articles/final-tournament-standings; FotMob minutes https://www.fotmob.com/leagues/77/stats/season/24254/players/mins_played/world-cup; Premier League finalist notes https://www.premierleague.com/en/news/4679876/which-premier-league-players-will-win-the-2026-world-cup; targeted minute checks: https://www.givemesport.com/england-2026-world-cup-players-ranked-worst-best-football-soccer/ https://www.newsandstar.co.uk/news/26292262.dean-henderson-handed-first-world-cup-appearance-england/ https://last5games.com/players/kobbie-mainoo-37540234/ https://terrikon.com/en/football/players/33283; FPL bootstrap 20260721T171247Z; openfootball cross-check https://raw.githubusercontent.com/openfootball/worldcup.json/master/2026/worldcup.json,2026-07-21T17:21:28Z
482442,,P.M.Sarr,TOT,Senegal,r32,2026-07-01,2,65,,none,,Premier League squad list https://www.premierleague.com/en/news/4676821/updated-premier-league-players-appearing-at-fifa-world-cup-2026-by-nation; FIFA final standings https://www.fifa.com/en/tournaments/mens/worldcup/canadamexicousa2026/articles/final-tournament-standings; FotMob minutes https://www.fotmob.com/leagues/77/stats/season/24254/players/mins_played/world-cup; Premier League finalist notes https://www.premierleague.com/en/news/4679876/which-premier-league-players-will-win-the-2026-world-cup; targeted minute checks: https://www.givemesport.com/england-2026-world-cup-players-ranked-worst-best-football-soccer/ https://www.newsandstar.co.uk/news/26292262.dean-henderson-handed-first-world-cup-appearance-england/ https://last5games.com/players/kobbie-mainoo-37540234/ https://terrikon.com/en/football/players/33283; FPL bootstrap 20260721T171247Z; openfootball cross-check https://raw.githubusercontent.com/openfootball/worldcup.json/master/2026/worldcup.json,2026-07-21T17:21:28Z
441164,,Pedro Porro,TOT,Spain,champions,2026-07-19,5,444,,extreme,,Premier League squad list https://www.premierleague.com/en/news/4676821/updated-premier-league-players-appearing-at-fifa-world-cup-2026-by-nation; FIFA final standings https://www.fifa.com/en/tournaments/mens/worldcup/canadamexicousa2026/articles/final-tournament-standings; FotMob minutes https://www.fotmob.com/leagues/77/stats/season/24254/players/mins_played/world-cup; Premier League finalist notes https://www.premierleague.com/en/news/4679876/which-premier-league-players-will-win-the-2026-world-cup; targeted minute checks: https://www.givemesport.com/england-2026-world-cup-players-ranked-worst-best-football-soccer/ https://www.newsandstar.co.uk/news/26292262.dean-henderson-handed-first-world-cup-appearance-england/ https://last5games.com/players/kobbie-mainoo-37540234/ https://terrikon.com/en/football/players/33283; FPL bootstrap 20260721T171247Z; openfootball cross-check https://raw.githubusercontent.com/openfootball/worldcup.json/master/2026/worldcup.json,2026-07-21T17:21:28Z
570526,,Bergvall,TOT,Sweden,r32,2026-06-30,4,178,,moderate,,Premier League squad list https://www.premierleague.com/en/news/4676821/updated-premier-league-players-appearing-at-fifa-world-cup-2026-by-nation; FIFA final standings https://www.fifa.com/en/tournaments/mens/worldcup/canadamexicousa2026/articles/final-tournament-standings; FotMob minutes https://www.fotmob.com/leagues/77/stats/season/24254/players/mins_played/world-cup; Premier League finalist notes https://www.premierleague.com/en/news/4679876/which-premier-league-players-will-win-the-2026-world-cup; targeted minute checks: https://www.givemesport.com/england-2026-world-cup-players-ranked-worst-best-football-soccer/ https://www.newsandstar.co.uk/news/26292262.dean-henderson-handed-first-world-cup-appearance-england/ https://last5games.com/players/kobbie-mainoo-37540234/ https://terrikon.com/en/football/players/33283; FPL bootstrap 20260721T171247Z; openfootball cross-check https://raw.githubusercontent.com/openfootball/worldcup.json/master/2026/worldcup.json,2026-07-21T17:21:28Z
202993,,Bentancur,TOT,Uruguay,group,2026-06-26,3,270,,moderate,,Premier League squad list https://www.premierleague.com/en/news/4676821/updated-premier-league-players-appearing-at-fifa-world-cup-2026-by-nation; FIFA final standings https://www.fifa.com/en/tournaments/mens/worldcup/canadamexicousa2026/articles/final-tournament-standings; FotMob minutes https://www.fotmob.com/leagues/77/stats/season/24254/players/mins_played/world-cup; Premier League finalist notes https://www.premierleague.com/en/news/4679876/which-premier-league-players-will-win-the-2026-world-cup; targeted minute checks: https://www.givemesport.com/england-2026-world-cup-players-ranked-worst-best-football-soccer/ https://www.newsandstar.co.uk/news/26292262.dean-henderson-handed-first-world-cup-appearance-england/ https://last5games.com/players/kobbie-mainoo-37540234/ https://terrikon.com/en/football/players/33283; FPL bootstrap 20260721T171247Z; openfootball cross-check https://raw.githubusercontent.com/openfootball/worldcup.json/master/2026/worldcup.json,2026-07-21T17:21:28Z
215439,,Souček,WHU,Czech Republic,group,2026-06-24,3,136,,moderate,,Premier League squad list https://www.premierleague.com/en/news/4676821/updated-premier-league-players-appearing-at-fifa-world-cup-2026-by-nation; FIFA final standings https://www.fifa.com/en/tournaments/mens/worldcup/canadamexicousa2026/articles/final-tournament-standings; FotMob minutes https://www.fotmob.com/leagues/77/stats/season/24254/players/mins_played/world-cup; Premier League finalist notes https://www.premierleague.com/en/news/4679876/which-premier-league-players-will-win-the-2026-world-cup; targeted minute checks: https://www.givemesport.com/england-2026-world-cup-players-ranked-worst-best-football-soccer/ https://www.newsandstar.co.uk/news/26292262.dean-henderson-handed-first-world-cup-appearance-england/ https://last5games.com/players/kobbie-mainoo-37540234/ https://terrikon.com/en/football/players/33283; FPL bootstrap 20260721T171247Z; openfootball cross-check https://raw.githubusercontent.com/openfootball/worldcup.json/master/2026/worldcup.json,2026-07-21T17:21:28Z
214590,,Wan-Bissaka,WHU,DR Congo,r32,2026-07-01,4,355,,moderate,,Premier League squad list https://www.premierleague.com/en/news/4676821/updated-premier-league-players-appearing-at-fifa-world-cup-2026-by-nation; FIFA final standings https://www.fifa.com/en/tournaments/mens/worldcup/canadamexicousa2026/articles/final-tournament-standings; FotMob minutes https://www.fotmob.com/leagues/77/stats/season/24254/players/mins_played/world-cup; Premier League finalist notes https://www.premierleague.com/en/news/4679876/which-premier-league-players-will-win-the-2026-world-cup; targeted minute checks: https://www.givemesport.com/england-2026-world-cup-players-ranked-worst-best-football-soccer/ https://www.newsandstar.co.uk/news/26292262.dean-henderson-handed-first-world-cup-appearance-england/ https://last5games.com/players/kobbie-mainoo-37540234/ https://terrikon.com/en/football/players/33283; FPL bootstrap 20260721T171247Z; openfootball cross-check https://raw.githubusercontent.com/openfootball/worldcup.json/master/2026/worldcup.json,2026-07-21T17:21:28Z
213999,,Álvarez,WHU,Mexico,r16,2026-07-05,4,239,,moderate,join_token_subset;source_name_Edson_Alvarez,Premier League squad list https://www.premierleague.com/en/news/4676821/updated-premier-league-players-appearing-at-fifa-world-cup-2026-by-nation; FIFA final standings https://www.fifa.com/en/tournaments/mens/worldcup/canadamexicousa2026/articles/final-tournament-standings; FotMob minutes https://www.fotmob.com/leagues/77/stats/season/24254/players/mins_played/world-cup; Premier League finalist notes https://www.premierleague.com/en/news/4679876/which-premier-league-players-will-win-the-2026-world-cup; targeted minute checks: https://www.givemesport.com/england-2026-world-cup-players-ranked-worst-best-football-soccer/ https://www.newsandstar.co.uk/news/26292262.dean-henderson-handed-first-world-cup-appearance-england/ https://last5games.com/players/kobbie-mainoo-37540234/ https://terrikon.com/en/football/players/33283; FPL bootstrap 20260721T171247Z; openfootball cross-check https://raw.githubusercontent.com/openfootball/worldcup.json/master/2026/worldcup.json,2026-07-21T17:21:28Z
450070,,Summerville,WHU,Netherlands,r32,2026-06-29,4,253,,moderate,,Premier League squad list https://www.premierleague.com/en/news/4676821/updated-premier-league-players-appearing-at-fifa-world-cup-2026-by-nation; FIFA final standings https://www.fifa.com/en/tournaments/mens/worldcup/canadamexicousa2026/articles/final-tournament-standings; FotMob minutes https://www.fotmob.com/leagues/77/stats/season/24254/players/mins_played/world-cup; Premier League finalist notes https://www.premierleague.com/en/news/4679876/which-premier-league-players-will-win-the-2026-world-cup; targeted minute checks: https://www.givemesport.com/england-2026-world-cup-players-ranked-worst-best-football-soccer/ https://www.newsandstar.co.uk/news/26292262.dean-henderson-handed-first-world-cup-appearance-england/ https://last5games.com/players/kobbie-mainoo-37540234/ https://terrikon.com/en/football/players/33283; FPL bootstrap 20260721T171247Z; openfootball cross-check https://raw.githubusercontent.com/openfootball/worldcup.json/master/2026/worldcup.json,2026-07-21T17:21:28Z
613804,,Diouf,WHU,Senegal,r32,2026-07-01,3,170,,moderate,,Premier League squad list https://www.premierleague.com/en/news/4676821/updated-premier-league-players-appearing-at-fifa-world-cup-2026-by-nation; FIFA final standings https://www.fifa.com/en/tournaments/mens/worldcup/canadamexicousa2026/articles/final-tournament-standings; FotMob minutes https://www.fotmob.com/leagues/77/stats/season/24254/players/mins_played/world-cup; Premier League finalist notes https://www.premierleague.com/en/news/4679876/which-premier-league-players-will-win-the-2026-world-cup; targeted minute checks: https://www.givemesport.com/england-2026-world-cup-players-ranked-worst-best-football-soccer/ https://www.newsandstar.co.uk/news/26292262.dean-henderson-handed-first-world-cup-appearance-england/ https://last5games.com/players/kobbie-mainoo-37540234/ https://terrikon.com/en/football/players/33283; FPL bootstrap 20260721T171247Z; openfootball cross-check https://raw.githubusercontent.com/openfootball/worldcup.json/master/2026/worldcup.json,2026-07-21T17:21:28Z
429414,,Kalajdžić,WOL,Austria,r32,2026-07-02,3,76,,none,,Premier League squad list https://www.premierleague.com/en/news/4676821/updated-premier-league-players-appearing-at-fifa-world-cup-2026-by-nation; FIFA final standings https://www.fifa.com/en/tournaments/mens/worldcup/canadamexicousa2026/articles/final-tournament-standings; FotMob minutes https://www.fotmob.com/leagues/77/stats/season/24254/players/mins_played/world-cup; Premier League finalist notes https://www.premierleague.com/en/news/4679876/which-premier-league-players-will-win-the-2026-world-cup; targeted minute checks: https://www.givemesport.com/england-2026-world-cup-players-ranked-worst-best-football-soccer/ https://www.newsandstar.co.uk/news/26292262.dean-henderson-handed-first-world-cup-appearance-england/ https://last5games.com/players/kobbie-mainoo-37540234/ https://terrikon.com/en/football/players/33283; FPL bootstrap 20260721T171247Z; openfootball cross-check https://raw.githubusercontent.com/openfootball/worldcup.json/master/2026/worldcup.json,2026-07-21T17:21:28Z
431248,,Krejčí,WOL,Czech Republic,group,2026-06-24,3,270,,moderate,,Premier League squad list https://www.premierleague.com/en/news/4676821/updated-premier-league-players-appearing-at-fifa-world-cup-2026-by-nation; FIFA final standings https://www.fifa.com/en/tournaments/mens/worldcup/canadamexicousa2026/articles/final-tournament-standings; FotMob minutes https://www.fotmob.com/leagues/77/stats/season/24254/players/mins_played/world-cup; Premier League finalist notes https://www.premierleague.com/en/news/4679876/which-premier-league-players-will-win-the-2026-world-cup; targeted minute checks: https://www.givemesport.com/england-2026-world-cup-players-ranked-worst-best-football-soccer/ https://www.newsandstar.co.uk/news/26292262.dean-henderson-handed-first-world-cup-appearance-england/ https://last5games.com/players/kobbie-mainoo-37540234/ https://terrikon.com/en/football/players/33283; FPL bootstrap 20260721T171247Z; openfootball cross-check https://raw.githubusercontent.com/openfootball/worldcup.json/master/2026/worldcup.json,2026-07-21T17:21:28Z
231057,,Bellegarde,WOL,Haiti,group,2026-06-24,3,261,,moderate,,Premier League squad list https://www.premierleague.com/en/news/4676821/updated-premier-league-players-appearing-at-fifa-world-cup-2026-by-nation; FIFA final standings https://www.fifa.com/en/tournaments/mens/worldcup/canadamexicousa2026/articles/final-tournament-standings; FotMob minutes https://www.fotmob.com/leagues/77/stats/season/24254/players/mins_played/world-cup; Premier League finalist notes https://www.premierleague.com/en/news/4679876/which-premier-league-players-will-win-the-2026-world-cup; targeted minute checks: https://www.givemesport.com/england-2026-world-cup-players-ranked-worst-best-football-soccer/ https://www.newsandstar.co.uk/news/26292262.dean-henderson-handed-first-world-cup-appearance-england/ https://last5games.com/players/kobbie-mainoo-37540234/ https://terrikon.com/en/football/players/33283; FPL bootstrap 20260721T171247Z; openfootball cross-check https://raw.githubusercontent.com/openfootball/worldcup.json/master/2026/worldcup.json,2026-07-21T17:21:28Z
497949,,Møller Wolfe,WOL,Norway,qf,2026-07-11,5,431,,moderate,,Premier League squad list https://www.premierleague.com/en/news/4676821/updated-premier-league-players-appearing-at-fifa-world-cup-2026-by-nation; FIFA final standings https://www.fifa.com/en/tournaments/mens/worldcup/canadamexicousa2026/articles/final-tournament-standings; FotMob minutes https://www.fotmob.com/leagues/77/stats/season/24254/players/mins_played/world-cup; Premier League finalist notes https://www.premierleague.com/en/news/4679876/which-premier-league-players-will-win-the-2026-world-cup; targeted minute checks: https://www.givemesport.com/england-2026-world-cup-players-ranked-worst-best-football-soccer/ https://www.newsandstar.co.uk/news/26292262.dean-henderson-handed-first-world-cup-appearance-england/ https://last5games.com/players/kobbie-mainoo-37540234/ https://terrikon.com/en/football/players/33283; FPL bootstrap 20260721T171247Z; openfootball cross-check https://raw.githubusercontent.com/openfootball/worldcup.json/master/2026/worldcup.json,2026-07-21T17:21:28Z
149065,,José Sá,WOL,Portugal,r16,2026-07-06,,,,high,minutes_unconfirmed,Premier League squad list https://www.premierleague.com/en/news/4676821/updated-premier-league-players-appearing-at-fifa-world-cup-2026-by-nation; FIFA final standings https://www.fifa.com/en/tournaments/mens/worldcup/canadamexicousa2026/articles/final-tournament-standings; FotMob minutes https://www.fotmob.com/leagues/77/stats/season/24254/players/mins_played/world-cup; Premier League finalist notes https://www.premierleague.com/en/news/4679876/which-premier-league-players-will-win-the-2026-world-cup; targeted minute checks: https://www.givemesport.com/england-2026-world-cup-players-ranked-worst-best-football-soccer/ https://www.newsandstar.co.uk/news/26292262.dean-henderson-handed-first-world-cup-appearance-england/ https://last5games.com/players/kobbie-mainoo-37540234/ https://terrikon.com/en/football/players/33283; FPL bootstrap 20260721T171247Z; openfootball cross-check https://raw.githubusercontent.com/openfootball/worldcup.json/master/2026/worldcup.json,2026-07-21T17:21:28Z
184754,,Hee Chan,WOL,South Korea,group,2026-06-24,,,,moderate,minutes_unconfirmed,Premier League squad list https://www.premierleague.com/en/news/4676821/updated-premier-league-players-appearing-at-fifa-world-cup-2026-by-nation; FIFA final standings https://www.fifa.com/en/tournaments/mens/worldcup/canadamexicousa2026/articles/final-tournament-standings; FotMob minutes https://www.fotmob.com/leagues/77/stats/season/24254/players/mins_played/world-cup; Premier League finalist notes https://www.premierleague.com/en/news/4679876/which-premier-league-players-will-win-the-2026-world-cup; targeted minute checks: https://www.givemesport.com/england-2026-world-cup-players-ranked-worst-best-football-soccer/ https://www.newsandstar.co.uk/news/26292262.dean-henderson-handed-first-world-cup-appearance-england/ https://last5games.com/players/kobbie-mainoo-37540234/ https://terrikon.com/en/football/players/33283; FPL bootstrap 20260721T171247Z; openfootball cross-check https://raw.githubusercontent.com/openfootball/worldcup.json/master/2026/worldcup.json,2026-07-21T17:21:28Z
231480,,S.Bueno,WOL,Uruguay,group,2026-06-26,0,0,,none,join_token_subset;unused_cited_uruguay_match_logs;source_name_Santiago_Bueno,Premier League squad list https://www.premierleague.com/en/news/4676821/updated-premier-league-players-appearing-at-fifa-world-cup-2026-by-nation; FIFA final standings https://www.fifa.com/en/tournaments/mens/worldcup/canadamexicousa2026/articles/final-tournament-standings; FotMob minutes https://www.fotmob.com/leagues/77/stats/season/24254/players/mins_played/world-cup; Premier League finalist notes https://www.premierleague.com/en/news/4679876/which-premier-league-players-will-win-the-2026-world-cup; targeted minute checks: https://www.givemesport.com/england-2026-world-cup-players-ranked-worst-best-football-soccer/ https://www.newsandstar.co.uk/news/26292262.dean-henderson-handed-first-world-cup-appearance-england/ https://last5games.com/players/kobbie-mainoo-37540234/ https://terrikon.com/en/football/players/33283; FPL bootstrap 20260721T171247Z; openfootball cross-check https://raw.githubusercontent.com/openfootball/worldcup.json/master/2026/worldcup.json,2026-07-21T17:21:28Z
